"filename", "language", "JSON with Comments", "Ignore", "JSON", "JavaScript", "Markdown", "TypeScript", "Shell Script", "Docker", "TypeScript JSX", "HTML", "JavaScript JSX", "SCSS", "CSV", "comment", "blank", "total"
"d:\original\TRACNEW2\.eslintrc.json", "JSON with Comments", 35, 0, 0, 0, 0, 0, 0, 0, 0, 0, 0, 0, 0, 0, 1, 36
"d:\original\TRACNEW2\.prettierignore", "Ignore", 0, 2, 0, 0, 0, 0, 0, 0, 0, 0, 0, 0, 0, 1, 2, 5
"d:\original\TRACNEW2\.prettierrc", "JSON", 0, 0, 3, 0, 0, 0, 0, 0, 0, 0, 0, 0, 0, 0, 1, 4
"d:\original\TRACNEW2\F\REACTJS\TRAC\UploadedFiles\activeSessions.json", "JSON", 0, 0, 1, 0, 0, 0, 0, 0, 0, 0, 0, 0, 0, 0, 1, 2
"d:\original\TRACNEW2\F\REACTJS\TRAC\UploadedFiles\session-data\008qep3ip.json", "JSON", 0, 0, 1, 0, 0, 0, 0, 0, 0, 0, 0, 0, 0, 0, 1, 2
"d:\original\TRACNEW2\F\REACTJS\TRAC\UploadedFiles\session-data\01mj9t3t4.json", "JSON", 0, 0, 1, 0, 0, 0, 0, 0, 0, 0, 0, 0, 0, 0, 1, 2
"d:\original\TRACNEW2\F\REACTJS\TRAC\UploadedFiles\session-data\03en3p5af.json", "JSON", 0, 0, 1, 0, 0, 0, 0, 0, 0, 0, 0, 0, 0, 0, 1, 2
"d:\original\TRACNEW2\F\REACTJS\TRAC\UploadedFiles\session-data\048r84nba.json", "JSON", 0, 0, 1, 0, 0, 0, 0, 0, 0, 0, 0, 0, 0, 0, 1, 2
"d:\original\TRACNEW2\F\REACTJS\TRAC\UploadedFiles\session-data\05jl043rb.json", "JSON", 0, 0, 1, 0, 0, 0, 0, 0, 0, 0, 0, 0, 0, 0, 1, 2
"d:\original\TRACNEW2\F\REACTJS\TRAC\UploadedFiles\session-data\06a2t7ofx.json", "JSON", 0, 0, 1, 0, 0, 0, 0, 0, 0, 0, 0, 0, 0, 0, 1, 2
"d:\original\TRACNEW2\F\REACTJS\TRAC\UploadedFiles\session-data\072tk230d.json", "JSON", 0, 0, 1, 0, 0, 0, 0, 0, 0, 0, 0, 0, 0, 0, 1, 2
"d:\original\TRACNEW2\F\REACTJS\TRAC\UploadedFiles\session-data\08jl7amdv.json", "JSON", 0, 0, 1, 0, 0, 0, 0, 0, 0, 0, 0, 0, 0, 0, 1, 2
"d:\original\TRACNEW2\F\REACTJS\TRAC\UploadedFiles\session-data\08twfhx60.json", "JSON", 0, 0, 1, 0, 0, 0, 0, 0, 0, 0, 0, 0, 0, 0, 1, 2
"d:\original\TRACNEW2\F\REACTJS\TRAC\UploadedFiles\session-data\095c89rqh.json", "JSON", 0, 0, 1, 0, 0, 0, 0, 0, 0, 0, 0, 0, 0, 0, 1, 2
"d:\original\TRACNEW2\F\REACTJS\TRAC\UploadedFiles\session-data\09chzkgga.json", "JSON", 0, 0, 1, 0, 0, 0, 0, 0, 0, 0, 0, 0, 0, 0, 1, 2
"d:\original\TRACNEW2\F\REACTJS\TRAC\UploadedFiles\session-data\0en6fr6y4.json", "JSON", 0, 0, 1, 0, 0, 0, 0, 0, 0, 0, 0, 0, 0, 0, 1, 2
"d:\original\TRACNEW2\F\REACTJS\TRAC\UploadedFiles\session-data\0ezl1mfvx.json", "JSON", 0, 0, 1, 0, 0, 0, 0, 0, 0, 0, 0, 0, 0, 0, 1, 2
"d:\original\TRACNEW2\F\REACTJS\TRAC\UploadedFiles\session-data\0ic1gk7pf.json", "JSON", 0, 0, 1, 0, 0, 0, 0, 0, 0, 0, 0, 0, 0, 0, 1, 2
"d:\original\TRACNEW2\F\REACTJS\TRAC\UploadedFiles\session-data\0j3vyoil2.json", "JSON", 0, 0, 1, 0, 0, 0, 0, 0, 0, 0, 0, 0, 0, 0, 1, 2
"d:\original\TRACNEW2\F\REACTJS\TRAC\UploadedFiles\session-data\0jit4jgqd.json", "JSON", 0, 0, 1, 0, 0, 0, 0, 0, 0, 0, 0, 0, 0, 0, 1, 2
"d:\original\TRACNEW2\F\REACTJS\TRAC\UploadedFiles\session-data\0k0zv8rl8.json", "JSON", 0, 0, 1, 0, 0, 0, 0, 0, 0, 0, 0, 0, 0, 0, 1, 2
"d:\original\TRACNEW2\F\REACTJS\TRAC\UploadedFiles\session-data\0kd13ytip.json", "JSON", 0, 0, 1, 0, 0, 0, 0, 0, 0, 0, 0, 0, 0, 0, 1, 2
"d:\original\TRACNEW2\F\REACTJS\TRAC\UploadedFiles\session-data\0l79p75p4.json", "JSON", 0, 0, 1, 0, 0, 0, 0, 0, 0, 0, 0, 0, 0, 0, 1, 2
"d:\original\TRACNEW2\F\REACTJS\TRAC\UploadedFiles\session-data\0ltsndlio.json", "JSON", 0, 0, 1, 0, 0, 0, 0, 0, 0, 0, 0, 0, 0, 0, 1, 2
"d:\original\TRACNEW2\F\REACTJS\TRAC\UploadedFiles\session-data\0mhh784to.json", "JSON", 0, 0, 1, 0, 0, 0, 0, 0, 0, 0, 0, 0, 0, 0, 1, 2
"d:\original\TRACNEW2\F\REACTJS\TRAC\UploadedFiles\session-data\0mj44izy8.json", "JSON", 0, 0, 1, 0, 0, 0, 0, 0, 0, 0, 0, 0, 0, 0, 1, 2
"d:\original\TRACNEW2\F\REACTJS\TRAC\UploadedFiles\session-data\0ml5dzjby.json", "JSON", 0, 0, 1, 0, 0, 0, 0, 0, 0, 0, 0, 0, 0, 0, 1, 2
"d:\original\TRACNEW2\F\REACTJS\TRAC\UploadedFiles\session-data\0n3vj2qvn.json", "JSON", 0, 0, 1, 0, 0, 0, 0, 0, 0, 0, 0, 0, 0, 0, 1, 2
"d:\original\TRACNEW2\F\REACTJS\TRAC\UploadedFiles\session-data\0n957sfqy.json", "JSON", 0, 0, 1, 0, 0, 0, 0, 0, 0, 0, 0, 0, 0, 0, 1, 2
"d:\original\TRACNEW2\F\REACTJS\TRAC\UploadedFiles\session-data\0oegdclch.json", "JSON", 0, 0, 1, 0, 0, 0, 0, 0, 0, 0, 0, 0, 0, 0, 1, 2
"d:\original\TRACNEW2\F\REACTJS\TRAC\UploadedFiles\session-data\0oumygbok.json", "JSON", 0, 0, 1, 0, 0, 0, 0, 0, 0, 0, 0, 0, 0, 0, 1, 2
"d:\original\TRACNEW2\F\REACTJS\TRAC\UploadedFiles\session-data\0p61m6dda.json", "JSON", 0, 0, 1, 0, 0, 0, 0, 0, 0, 0, 0, 0, 0, 0, 1, 2
"d:\original\TRACNEW2\F\REACTJS\TRAC\UploadedFiles\session-data\0p8hka95h.json", "JSON", 0, 0, 1, 0, 0, 0, 0, 0, 0, 0, 0, 0, 0, 0, 1, 2
"d:\original\TRACNEW2\F\REACTJS\TRAC\UploadedFiles\session-data\0s2ahg6od.json", "JSON", 0, 0, 1, 0, 0, 0, 0, 0, 0, 0, 0, 0, 0, 0, 1, 2
"d:\original\TRACNEW2\F\REACTJS\TRAC\UploadedFiles\session-data\0s8tm59y9.json", "JSON", 0, 0, 1, 0, 0, 0, 0, 0, 0, 0, 0, 0, 0, 0, 1, 2
"d:\original\TRACNEW2\F\REACTJS\TRAC\UploadedFiles\session-data\0t2qr6uiy.json", "JSON", 0, 0, 1, 0, 0, 0, 0, 0, 0, 0, 0, 0, 0, 0, 1, 2
"d:\original\TRACNEW2\F\REACTJS\TRAC\UploadedFiles\session-data\0tc0hqtqq.json", "JSON", 0, 0, 1, 0, 0, 0, 0, 0, 0, 0, 0, 0, 0, 0, 1, 2
"d:\original\TRACNEW2\F\REACTJS\TRAC\UploadedFiles\session-data\0u08a7h2t.json", "JSON", 0, 0, 1, 0, 0, 0, 0, 0, 0, 0, 0, 0, 0, 0, 1, 2
"d:\original\TRACNEW2\F\REACTJS\TRAC\UploadedFiles\session-data\0u2iz6yy3.json", "JSON", 0, 0, 1, 0, 0, 0, 0, 0, 0, 0, 0, 0, 0, 0, 1, 2
"d:\original\TRACNEW2\F\REACTJS\TRAC\UploadedFiles\session-data\0voqe8wtz.json", "JSON", 0, 0, 1, 0, 0, 0, 0, 0, 0, 0, 0, 0, 0, 0, 1, 2
"d:\original\TRACNEW2\F\REACTJS\TRAC\UploadedFiles\session-data\0wqa51ub3.json", "JSON", 0, 0, 1, 0, 0, 0, 0, 0, 0, 0, 0, 0, 0, 0, 1, 2
"d:\original\TRACNEW2\F\REACTJS\TRAC\UploadedFiles\session-data\0y4og1eag.json", "JSON", 0, 0, 1, 0, 0, 0, 0, 0, 0, 0, 0, 0, 0, 0, 1, 2
"d:\original\TRACNEW2\F\REACTJS\TRAC\UploadedFiles\session-data\0yjqc5uld.json", "JSON", 0, 0, 1, 0, 0, 0, 0, 0, 0, 0, 0, 0, 0, 0, 1, 2
"d:\original\TRACNEW2\F\REACTJS\TRAC\UploadedFiles\session-data\0yldicuug.json", "JSON", 0, 0, 1, 0, 0, 0, 0, 0, 0, 0, 0, 0, 0, 0, 1, 2
"d:\original\TRACNEW2\F\REACTJS\TRAC\UploadedFiles\session-data\0z1xzuqlx.json", "JSON", 0, 0, 1, 0, 0, 0, 0, 0, 0, 0, 0, 0, 0, 0, 1, 2
"d:\original\TRACNEW2\F\REACTJS\TRAC\UploadedFiles\settings\emailSettings.json", "JSON", 0, 0, 1, 0, 0, 0, 0, 0, 0, 0, 0, 0, 0, 0, 1, 2
"d:\original\TRACNEW2\F\REACTJS\TRAC\UploadedFiles\uploadFileProperties.json", "JSON", 0, 0, 1, 0, 0, 0, 0, 0, 0, 0, 0, 0, 0, 0, 1, 2
"d:\original\TRACNEW2\README.md", "Markdown", 0, 0, 0, 0, 73, 0, 0, 0, 0, 0, 0, 0, 0, 0, 15, 88
"d:\original\TRACNEW2\apps\db-reset\.eslintrc.json", "JSON with Comments", 18, 0, 0, 0, 0, 0, 0, 0, 0, 0, 0, 0, 0, 0, 1, 19
"d:\original\TRACNEW2\apps\db-reset\jest.config.ts", "TypeScript", 0, 0, 0, 0, 0, 15, 0, 0, 0, 0, 0, 0, 0, 1, 1, 17
"d:\original\TRACNEW2\apps\db-reset\project.json", "JSON", 0, 0, 57, 0, 0, 0, 0, 0, 0, 0, 0, 0, 0, 0, 1, 58
"d:\original\TRACNEW2\apps\db-reset\src\REACTJS.code-workspace", "JSON with Comments", 7, 0, 0, 0, 0, 0, 0, 0, 0, 0, 0, 0, 0, 0, 0, 7
"d:\original\TRACNEW2\apps\db-reset\src\app\CreateAuditTable.ts", "TypeScript", 0, 0, 0, 0, 0, 31, 0, 0, 0, 0, 0, 0, 0, 0, 2, 33
"d:\original\TRACNEW2\apps\db-reset\src\app\ImportData.ts", "TypeScript", 0, 0, 0, 0, 0, 51, 0, 0, 0, 0, 0, 0, 0, 0, 3, 54
"d:\original\TRACNEW2\apps\db-reset\src\app\RecreateDatabase.ts", "TypeScript", 0, 0, 0, 0, 0, 54, 0, 0, 0, 0, 0, 0, 0, 1, 7, 62
"d:\original\TRACNEW2\apps\db-reset\src\environments\environment.prod.ts", "TypeScript", 0, 0, 0, 0, 0, 3, 0, 0, 0, 0, 0, 0, 0, 0, 1, 4
"d:\original\TRACNEW2\apps\db-reset\src\environments\environment.ts", "TypeScript", 0, 0, 0, 0, 0, 3, 0, 0, 0, 0, 0, 0, 0, 0, 1, 4
"d:\original\TRACNEW2\apps\db-reset\src\main.ts", "TypeScript", 0, 0, 0, 0, 0, 129, 0, 0, 0, 0, 0, 0, 0, 2, 13, 144
"d:\original\TRACNEW2\apps\db-reset\tsconfig.app.json", "JSON", 0, 0, 12, 0, 0, 0, 0, 0, 0, 0, 0, 0, 0, 0, 1, 13
"d:\original\TRACNEW2\apps\db-reset\tsconfig.json", "JSON with Comments", 13, 0, 0, 0, 0, 0, 0, 0, 0, 0, 0, 0, 0, 0, 1, 14
"d:\original\TRACNEW2\apps\db-reset\tsconfig.spec.json", "JSON", 0, 0, 9, 0, 0, 0, 0, 0, 0, 0, 0, 0, 0, 0, 1, 10
"d:\original\TRACNEW2\apps\iol-extract\.eslintrc.json", "JSON with Comments", 18, 0, 0, 0, 0, 0, 0, 0, 0, 0, 0, 0, 0, 0, 1, 19
"d:\original\TRACNEW2\apps\iol-extract\jest.config.ts", "TypeScript", 0, 0, 0, 0, 0, 15, 0, 0, 0, 0, 0, 0, 0, 1, 1, 17
"d:\original\TRACNEW2\apps\iol-extract\project.json", "JSON", 0, 0, 57, 0, 0, 0, 0, 0, 0, 0, 0, 0, 0, 0, 1, 58
"d:\original\TRACNEW2\apps\iol-extract\src\main.ts", "TypeScript", 0, 0, 0, 0, 0, 38, 0, 0, 0, 0, 0, 0, 0, 1, 3, 42
"d:\original\TRACNEW2\apps\iol-extract\tsconfig.app.json", "JSON", 0, 0, 12, 0, 0, 0, 0, 0, 0, 0, 0, 0, 0, 0, 1, 13
"d:\original\TRACNEW2\apps\iol-extract\tsconfig.json", "JSON with Comments", 13, 0, 0, 0, 0, 0, 0, 0, 0, 0, 0, 0, 0, 0, 1, 14
"d:\original\TRACNEW2\apps\iol-extract\tsconfig.spec.json", "JSON", 0, 0, 9, 0, 0, 0, 0, 0, 0, 0, 0, 0, 0, 0, 1, 10
"d:\original\TRACNEW2\apps\pdftest\.eslintrc.json", "JSON with Comments", 18, 0, 0, 0, 0, 0, 0, 0, 0, 0, 0, 0, 0, 0, 1, 19
"d:\original\TRACNEW2\apps\pdftest\jest.config.ts", "TypeScript", 0, 0, 0, 0, 0, 15, 0, 0, 0, 0, 0, 0, 0, 1, 1, 17
"d:\original\TRACNEW2\apps\pdftest\project.json", "JSON", 0, 0, 57, 0, 0, 0, 0, 0, 0, 0, 0, 0, 0, 0, 1, 58
"d:\original\TRACNEW2\apps\pdftest\src\app\GenerateConsignmentData.ts", "TypeScript", 0, 0, 0, 0, 0, 40, 0, 0, 0, 0, 0, 0, 0, 0, 1, 41
"d:\original\TRACNEW2\apps\pdftest\src\environments\environment.prod.ts", "TypeScript", 0, 0, 0, 0, 0, 3, 0, 0, 0, 0, 0, 0, 0, 0, 1, 4
"d:\original\TRACNEW2\apps\pdftest\src\environments\environment.ts", "TypeScript", 0, 0, 0, 0, 0, 3, 0, 0, 0, 0, 0, 0, 0, 0, 1, 4
"d:\original\TRACNEW2\apps\pdftest\src\main.ts", "TypeScript", 0, 0, 0, 0, 0, 65, 0, 0, 0, 0, 0, 0, 0, 3, 4, 72
"d:\original\TRACNEW2\apps\pdftest\tsconfig.app.json", "JSON", 0, 0, 12, 0, 0, 0, 0, 0, 0, 0, 0, 0, 0, 0, 1, 13
"d:\original\TRACNEW2\apps\pdftest\tsconfig.json", "JSON with Comments", 13, 0, 0, 0, 0, 0, 0, 0, 0, 0, 0, 0, 0, 0, 1, 14
"d:\original\TRACNEW2\apps\pdftest\tsconfig.spec.json", "JSON", 0, 0, 9, 0, 0, 0, 0, 0, 0, 0, 0, 0, 0, 0, 1, 10
"d:\original\TRACNEW2\apps\tedioustest\.eslintrc.json", "JSON with Comments", 18, 0, 0, 0, 0, 0, 0, 0, 0, 0, 0, 0, 0, 0, 1, 19
"d:\original\TRACNEW2\apps\tedioustest\jest.config.ts", "TypeScript", 0, 0, 0, 0, 0, 15, 0, 0, 0, 0, 0, 0, 0, 1, 1, 17
"d:\original\TRACNEW2\apps\tedioustest\project.json", "JSON", 0, 0, 57, 0, 0, 0, 0, 0, 0, 0, 0, 0, 0, 0, 1, 58
"d:\original\TRACNEW2\apps\tedioustest\src\app\PutSqlServerData.ts", "TypeScript", 0, 0, 0, 0, 0, 34, 0, 0, 0, 0, 0, 0, 0, 0, 2, 36
"d:\original\TRACNEW2\apps\tedioustest\src\app\SqlMappings.ts", "TypeScript", 0, 0, 0, 0, 0, 435, 0, 0, 0, 0, 0, 0, 0, 10, 4, 449
"d:\original\TRACNEW2\apps\tedioustest\src\environments\environment.prod.ts", "TypeScript", 0, 0, 0, 0, 0, 3, 0, 0, 0, 0, 0, 0, 0, 0, 1, 4
"d:\original\TRACNEW2\apps\tedioustest\src\environments\environment.ts", "TypeScript", 0, 0, 0, 0, 0, 3, 0, 0, 0, 0, 0, 0, 0, 0, 1, 4
"d:\original\TRACNEW2\apps\tedioustest\src\main.ts", "TypeScript", 0, 0, 0, 0, 0, 107, 0, 0, 0, 0, 0, 0, 0, 1, 3, 111
"d:\original\TRACNEW2\apps\tedioustest\tsconfig.app.json", "JSON", 0, 0, 13, 0, 0, 0, 0, 0, 0, 0, 0, 0, 0, 0, 1, 14
"d:\original\TRACNEW2\apps\tedioustest\tsconfig.json", "JSON with Comments", 13, 0, 0, 0, 0, 0, 0, 0, 0, 0, 0, 0, 0, 0, 1, 14
"d:\original\TRACNEW2\apps\tedioustest\tsconfig.spec.json", "JSON", 0, 0, 9, 0, 0, 0, 0, 0, 0, 0, 0, 0, 0, 0, 1, 10
"d:\original\TRACNEW2\apps\trac-api\.eslintrc.json", "JSON with Comments", 20, 0, 0, 0, 0, 0, 0, 0, 0, 0, 0, 0, 0, 0, 1, 21
"d:\original\TRACNEW2\apps\trac-api\Dockerfile", "Docker", 0, 0, 0, 0, 0, 0, 0, 7, 0, 0, 0, 0, 0, 1, 1, 9
"d:\original\TRACNEW2\apps\trac-api\jest.config.ts", "TypeScript", 0, 0, 0, 0, 0, 15, 0, 0, 0, 0, 0, 0, 0, 1, 1, 17
"d:\original\TRACNEW2\apps\trac-api\project.json", "JSON", 0, 0, 56, 0, 0, 0, 0, 0, 0, 0, 0, 0, 0, 0, 1, 57
"d:\original\TRACNEW2\apps\trac-api\src\app\AccountCalculations.ts", "TypeScript", 0, 0, 0, 0, 0, 183, 0, 0, 0, 0, 0, 0, 0, 13, 14, 210
"d:\original\TRACNEW2\apps\trac-api\src\app\ApiConfiguration.ts", "TypeScript", 0, 0, 0, 0, 0, 61, 0, 0, 0, 0, 0, 0, 0, 0, 7, 68
"d:\original\TRACNEW2\apps\trac-api\src\app\ChangeSettings.ts", "TypeScript", 0, 0, 0, 0, 0, 91, 0, 0, 0, 0, 0, 0, 0, 4, 8, 103
"d:\original\TRACNEW2\apps\trac-api\src\app\DownloadPdf.ts", "TypeScript", 0, 0, 0, 0, 0, 24, 0, 0, 0, 0, 0, 0, 0, 0, 3, 27
"d:\original\TRACNEW2\apps\trac-api\src\app\DownloadSpreadsheet.ts", "TypeScript", 0, 0, 0, 0, 0, 38, 0, 0, 0, 0, 0, 0, 0, 7, 6, 51
"d:\original\TRACNEW2\apps\trac-api\src\app\GetAndUpdateProducts.ts", "TypeScript", 0, 0, 0, 0, 0, 77, 0, 0, 0, 0, 0, 0, 0, 1, 3, 81
"d:\original\TRACNEW2\apps\trac-api\src\app\GetAuditData.ts", "TypeScript", 0, 0, 0, 0, 0, 130, 0, 0, 0, 0, 0, 0, 0, 4, 11, 145
"d:\original\TRACNEW2\apps\trac-api\src\app\GetData.ts", "TypeScript", 0, 0, 0, 0, 0, 95, 0, 0, 0, 0, 0, 0, 0, 1, 5, 101
"d:\original\TRACNEW2\apps\trac-api\src\app\GetSalesReps.ts", "TypeScript", 0, 0, 0, 0, 0, 112, 0, 0, 0, 0, 0, 0, 0, 2, 3, 117
"d:\original\TRACNEW2\apps\trac-api\src\app\GetSqlServerDataHttps.ts", "TypeScript", 0, 0, 0, 0, 0, 55, 0, 0, 0, 0, 0, 0, 0, 0, 2, 57
"d:\original\TRACNEW2\apps\trac-api\src\app\RefreshData.ts", "TypeScript", 0, 0, 0, 0, 0, 95, 0, 0, 0, 0, 0, 0, 0, 0, 7, 102
"d:\original\TRACNEW2\apps\trac-api\src\app\RemoveAudit.ts", "TypeScript", 0, 0, 0, 0, 0, 63, 0, 0, 0, 0, 0, 0, 0, 1, 5, 69
"d:\original\TRACNEW2\apps\trac-api\src\app\StoreAuditNoteOrItem.ts", "TypeScript", 0, 0, 0, 0, 0, 54, 0, 0, 0, 0, 0, 0, 0, 1, 8, 63
"d:\original\TRACNEW2\apps\trac-api\src\app\TemplateManager.ts", "TypeScript", 0, 0, 0, 0, 0, 7, 0, 0, 0, 0, 0, 0, 0, 0, 1, 8
"d:\original\TRACNEW2\apps\trac-api\src\app\TransferMssqlData.ts", "TypeScript", 0, 0, 0, 0, 0, 110, 0, 0, 0, 0, 0, 0, 0, 1, 11, 122
"d:\original\TRACNEW2\apps\trac-api\src\app\UserOps.ts", "TypeScript", 0, 0, 0, 0, 0, 68, 0, 0, 0, 0, 0, 0, 0, 4, 27, 99
"d:\original\TRACNEW2\apps\trac-api\src\app\__tests__\ApiConfiguration.test.ts", "TypeScript", 0, 0, 0, 0, 0, 51, 0, 0, 0, 0, 0, 0, 0, 0, 3, 54
"d:\original\TRACNEW2\apps\trac-api\src\app\__tests__\DowloadSpreadsheet.test.ts", "TypeScript", 0, 0, 0, 0, 0, 67, 0, 0, 0, 0, 0, 0, 0, 0, 2, 69
"d:\original\TRACNEW2\apps\trac-api\src\app\__tests__\GetAuditData.test.ts", "TypeScript", 0, 0, 0, 0, 0, 60, 0, 0, 0, 0, 0, 0, 0, 0, 2, 62
"d:\original\TRACNEW2\apps\trac-api\src\app\__tests__\GetData.test.ts", "TypeScript", 0, 0, 0, 0, 0, 99, 0, 0, 0, 0, 0, 0, 0, 0, 3, 102
"d:\original\TRACNEW2\apps\trac-api\src\app\__tests__\GetSalesReps.test.ts", "TypeScript", 0, 0, 0, 0, 0, 66, 0, 0, 0, 0, 0, 0, 0, 0, 2, 68
"d:\original\TRACNEW2\apps\trac-api\src\app\__tests__\StoreAuditNoteOrItem.test.ts", "TypeScript", 0, 0, 0, 0, 0, 73, 0, 0, 0, 0, 0, 0, 0, 0, 2, 75
"d:\original\TRACNEW2\apps\trac-api\src\app\datastore\DataStoreUtilities.ts", "TypeScript", 0, 0, 0, 0, 0, 26, 0, 0, 0, 0, 0, 0, 0, 2, 3, 31
"d:\original\TRACNEW2\apps\trac-api\src\app\datastore\FileStore.ts", "TypeScript", 0, 0, 0, 0, 0, 37, 0, 0, 0, 0, 0, 0, 0, 3, 5, 45
"d:\original\TRACNEW2\apps\trac-api\src\app\datastore\FindDuplicates.ts", "TypeScript", 0, 0, 0, 0, 0, 51, 0, 0, 0, 0, 0, 0, 0, 2, 3, 56
"d:\original\TRACNEW2\apps\trac-api\src\app\datastore\Settings.ts", "TypeScript", 0, 0, 0, 0, 0, 30, 0, 0, 0, 0, 0, 0, 0, 2, 7, 39
"d:\original\TRACNEW2\apps\trac-api\src\app\datastore\TransformData.ts", "TypeScript", 0, 0, 0, 0, 0, 168, 0, 0, 0, 0, 0, 0, 0, 12, 9, 189
"d:\original\TRACNEW2\apps\trac-api\src\app\datastore\UploadManager.ts", "TypeScript", 0, 0, 0, 0, 0, 170, 0, 0, 0, 0, 0, 0, 0, 9, 19, 198
"d:\original\TRACNEW2\apps\trac-api\src\app\datastore\UploadStoreManagement.ts", "TypeScript", 0, 0, 0, 0, 0, 38, 0, 0, 0, 0, 0, 0, 0, 3, 3, 44
"d:\original\TRACNEW2\apps\trac-api\src\app\datastore\__tests__\DataStoreUtilities.test.ts", "TypeScript", 0, 0, 0, 0, 0, 80, 0, 0, 0, 0, 0, 0, 0, 0, 2, 82
"d:\original\TRACNEW2\apps\trac-api\src\app\datastore\__tests__\UploadManager.test.ts", "TypeScript", 0, 0, 0, 0, 0, 189, 0, 0, 0, 0, 0, 0, 0, 1, 3, 193
"d:\original\TRACNEW2\apps\trac-api\src\app\datastore\__tests__\UploadStore.test.ts", "TypeScript", 0, 0, 0, 0, 0, 52, 0, 0, 0, 0, 0, 0, 0, 0, 2, 54
"d:\original\TRACNEW2\apps\trac-api\src\app\emails\CreateEmail.ts", "TypeScript", 0, 0, 0, 0, 0, 102, 0, 0, 0, 0, 0, 0, 0, 6, 14, 122
"d:\original\TRACNEW2\apps\trac-api\src\app\emails\EmailSender.ts", "TypeScript", 0, 0, 0, 0, 0, 40, 0, 0, 0, 0, 0, 0, 0, 4, 4, 48
"d:\original\TRACNEW2\apps\trac-api\src\app\emails\GeneratePdf.ts", "TypeScript", 0, 0, 0, 0, 0, 97, 0, 0, 0, 0, 0, 0, 0, 14, 10, 121
"d:\original\TRACNEW2\apps\trac-api\src\app\emails\ScheduleBatches.ts", "TypeScript", 0, 0, 0, 0, 0, 249, 0, 0, 0, 0, 0, 0, 0, 21, 19, 289
"d:\original\TRACNEW2\apps\trac-api\src\app\upload\AuditCommit.ts", "TypeScript", 0, 0, 0, 0, 0, 93, 0, 0, 0, 0, 0, 0, 0, 11, 7, 111
"d:\original\TRACNEW2\apps\trac-api\src\app\upload\AuditTransformer.ts", "TypeScript", 0, 0, 0, 0, 0, 124, 0, 0, 0, 0, 0, 0, 0, 11, 8, 143
"d:\original\TRACNEW2\apps\trac-api\src\app\upload\UploadAnalysisA.ts", "TypeScript", 0, 0, 0, 0, 0, 7, 0, 0, 0, 0, 0, 0, 0, 0, 3, 10
"d:\original\TRACNEW2\apps\trac-api\src\app\upload\UploadAuditAnalysis.ts", "TypeScript", 0, 0, 0, 0, 0, 23, 0, 0, 0, 0, 0, 0, 0, 1, 3, 27
"d:\original\TRACNEW2\apps\trac-api\src\app\upload\UploadCommitA.ts", "TypeScript", 0, 0, 0, 0, 0, 6, 0, 0, 0, 0, 0, 0, 0, 0, 4, 10
"d:\original\TRACNEW2\apps\trac-api\src\app\upload\UploadDataAnalysis.ts", "TypeScript", 0, 0, 0, 0, 0, 16, 0, 0, 0, 0, 0, 0, 0, 0, 4, 20
"d:\original\TRACNEW2\apps\trac-api\src\app\upload\UploadDataCommit.ts", "TypeScript", 0, 0, 0, 0, 0, 31, 0, 0, 0, 0, 0, 0, 0, 0, 4, 35
"d:\original\TRACNEW2\apps\trac-api\src\app\upload\UploadDataTransformer.ts", "TypeScript", 0, 0, 0, 0, 0, 20, 0, 0, 0, 0, 0, 0, 0, 0, 5, 25
"d:\original\TRACNEW2\apps\trac-api\src\app\upload\UploadTransformerA.ts", "TypeScript", 0, 0, 0, 0, 0, 6, 0, 0, 0, 0, 0, 0, 0, 0, 3, 9
"d:\original\TRACNEW2\apps\trac-api\src\app\upload\UploadWizardProvider.ts", "TypeScript", 0, 0, 0, 0, 0, 121, 0, 0, 0, 0, 0, 0, 0, 12, 14, 147
"d:\original\TRACNEW2\apps\trac-api\src\app\upload\__tests__\AuditCommit.test.ts", "TypeScript", 0, 0, 0, 0, 0, 94, 0, 0, 0, 0, 0, 0, 0, 2, 2, 98
"d:\original\TRACNEW2\apps\trac-api\src\app\upload\__tests__\AuditTransformer.test.ts", "TypeScript", 0, 0, 0, 0, 0, 163, 0, 0, 0, 0, 0, 0, 0, 0, 3, 166
"d:\original\TRACNEW2\apps\trac-api\src\app\upload\__tests__\IolBulkCommit.test.ts", "TypeScript", 0, 0, 0, 0, 0, 96, 0, 0, 0, 0, 0, 0, 0, 2, 3, 101
"d:\original\TRACNEW2\apps\trac-api\src\app\upload\__tests__\RefreshData.test.ts", "TypeScript", 0, 0, 0, 0, 0, 94, 0, 0, 0, 0, 0, 0, 0, 6, 3, 103
"d:\original\TRACNEW2\apps\trac-api\src\app\upload\__tests__\UploadAuditAnalysis.test.ts", "TypeScript", 0, 0, 0, 0, 0, 108, 0, 0, 0, 0, 0, 0, 0, 0, 4, 112
"d:\original\TRACNEW2\apps\trac-api\src\app\upload\__tests__\UploadDataAnalysis.test.ts", "TypeScript", 0, 0, 0, 0, 0, 84, 0, 0, 0, 0, 0, 0, 0, 0, 2, 86
"d:\original\TRACNEW2\apps\trac-api\src\app\upload\__tests__\UploadDataTransformer.test.ts", "TypeScript", 0, 0, 0, 0, 0, 122, 0, 0, 0, 0, 0, 0, 0, 0, 2, 124
"d:\original\TRACNEW2\apps\trac-api\src\assets\IOL_Download 2023.02.07.csv", "CSV", 0, 0, 0, 0, 0, 0, 0, 0, 0, 0, 0, 0, 571081, 0, 1, 571082
"d:\original\TRACNEW2\apps\trac-api\src\environments\environment.prod.ts", "TypeScript", 0, 0, 0, 0, 0, 3, 0, 0, 0, 0, 0, 0, 0, 0, 1, 4
"d:\original\TRACNEW2\apps\trac-api\src\environments\environment.ts", "TypeScript", 0, 0, 0, 0, 0, 3, 0, 0, 0, 0, 0, 0, 0, 0, 1, 4
"d:\original\TRACNEW2\apps\trac-api\src\main.ts", "TypeScript", 0, 0, 0, 0, 0, 270, 0, 0, 0, 0, 0, 0, 0, 15, 29, 314
"d:\original\TRACNEW2\apps\trac-api\tsconfig.app.json", "JSON", 0, 0, 12, 0, 0, 0, 0, 0, 0, 0, 0, 0, 0, 0, 1, 13
"d:\original\TRACNEW2\apps\trac-api\tsconfig.json", "JSON with Comments", 13, 0, 0, 0, 0, 0, 0, 0, 0, 0, 0, 0, 0, 0, 1, 14
"d:\original\TRACNEW2\apps\trac-api\tsconfig.spec.json", "JSON", 0, 0, 10, 0, 0, 0, 0, 0, 0, 0, 0, 0, 0, 0, 1, 11
"d:\original\TRACNEW2\apps\trac-audit-data\.eslintrc.json", "JSON with Comments", 18, 0, 0, 0, 0, 0, 0, 0, 0, 0, 0, 0, 0, 0, 1, 19
"d:\original\TRACNEW2\apps\trac-audit-data\jest.config.ts", "TypeScript", 0, 0, 0, 0, 0, 15, 0, 0, 0, 0, 0, 0, 0, 1, 1, 17
"d:\original\TRACNEW2\apps\trac-audit-data\project.json", "JSON", 0, 0, 57, 0, 0, 0, 0, 0, 0, 0, 0, 0, 0, 0, 1, 58
"d:\original\TRACNEW2\apps\trac-audit-data\src\app\TracProcess.ts", "TypeScript", 0, 0, 0, 0, 0, 45, 0, 0, 0, 0, 0, 0, 0, 2, 4, 51
"d:\original\TRACNEW2\apps\trac-audit-data\src\main.ts", "TypeScript", 0, 0, 0, 0, 0, 73, 0, 0, 0, 0, 0, 0, 0, 1, 5, 79
"d:\original\TRACNEW2\apps\trac-audit-data\tsconfig.app.json", "JSON", 0, 0, 12, 0, 0, 0, 0, 0, 0, 0, 0, 0, 0, 0, 1, 13
"d:\original\TRACNEW2\apps\trac-audit-data\tsconfig.json", "JSON with Comments", 13, 0, 0, 0, 0, 0, 0, 0, 0, 0, 0, 0, 0, 0, 1, 14
"d:\original\TRACNEW2\apps\trac-audit-data\tsconfig.spec.json", "JSON", 0, 0, 9, 0, 0, 0, 0, 0, 0, 0, 0, 0, 0, 0, 1, 10
"d:\original\TRACNEW2\apps\trac-web\.eslintrc.json", "JSON with Comments", 18, 0, 0, 0, 0, 0, 0, 0, 0, 0, 0, 0, 0, 0, 1, 19
"d:\original\TRACNEW2\apps\trac-web\Dockerfile", "Docker", 0, 0, 0, 0, 0, 0, 0, 13, 0, 0, 0, 0, 0, 3, 3, 19
"d:\original\TRACNEW2\apps\trac-web\jest.config.ts", "TypeScript", 0, 0, 0, 0, 0, 16, 0, 0, 0, 0, 0, 0, 0, 1, 1, 18
"d:\original\TRACNEW2\apps\trac-web\project.json", "JSON", 0, 0, 101, 0, 0, 0, 0, 0, 0, 0, 0, 0, 0, 0, 1, 102
"d:\original\TRACNEW2\apps\trac-web\src\App.tsx", "TypeScript JSX", 0, 0, 0, 0, 0, 0, 0, 0, 16, 0, 0, 0, 0, 0, 4, 20
"d:\original\TRACNEW2\apps\trac-web\src\Reducer.jsx", "JavaScript JSX", 0, 0, 0, 0, 0, 0, 0, 0, 0, 0, 32, 0, 0, 4, 2, 38
"d:\original\TRACNEW2\apps\trac-web\src\TracContext.tsx", "TypeScript JSX", 0, 0, 0, 0, 0, 0, 0, 0, 75, 0, 0, 0, 0, 2, 5, 82
"d:\original\TRACNEW2\apps\trac-web\src\api\auditApi.ts", "TypeScript", 0, 0, 0, 0, 0, 77, 0, 0, 0, 0, 0, 0, 0, 2, 9, 88
"d:\original\TRACNEW2\apps\trac-web\src\api\consignmentApi.ts", "TypeScript", 0, 0, 0, 0, 0, 15, 0, 0, 0, 0, 0, 0, 0, 0, 3, 18
"d:\original\TRACNEW2\apps\trac-web\src\api\customerApi.ts", "TypeScript", 0, 0, 0, 0, 0, 52, 0, 0, 0, 0, 0, 0, 0, 6, 7, 65
"d:\original\TRACNEW2\apps\trac-web\src\api\downloadApi.ts", "TypeScript", 0, 0, 0, 0, 0, 57, 0, 0, 0, 0, 0, 0, 0, 3, 6, 66
"d:\original\TRACNEW2\apps\trac-web\src\api\emailApi.ts", "TypeScript", 0, 0, 0, 0, 0, 59, 0, 0, 0, 0, 0, 0, 0, 0, 7, 66
"d:\original\TRACNEW2\apps\trac-web\src\api\formatters\AuditScanFormatter.ts", "TypeScript", 0, 0, 0, 0, 0, 15, 0, 0, 0, 0, 0, 0, 0, 0, 4, 19
"d:\original\TRACNEW2\apps\trac-web\src\api\formatters\ConsignmentFormatter.ts", "TypeScript", 0, 0, 0, 0, 0, 14, 0, 0, 0, 0, 0, 0, 0, 0, 4, 18
"d:\original\TRACNEW2\apps\trac-web\src\api\formatters\UploadDataFormatter.ts", "TypeScript", 0, 0, 0, 0, 0, 20, 0, 0, 0, 0, 0, 0, 0, 0, 2, 22
"d:\original\TRACNEW2\apps\trac-web\src\api\formatters\UploadFormatter.ts", "TypeScript", 0, 0, 0, 0, 0, 3, 0, 0, 0, 0, 0, 0, 0, 0, 2, 5
"d:\original\TRACNEW2\apps\trac-web\src\api\formatters\UploadIolDataFormatter.ts", "TypeScript", 0, 0, 0, 0, 0, 16, 0, 0, 0, 0, 0, 0, 0, 0, 2, 18
"d:\original\TRACNEW2\apps\trac-web\src\api\formatters\index.ts", "TypeScript", 0, 0, 0, 0, 0, 53, 0, 0, 0, 0, 0, 0, 0, 1, 3, 57
"d:\original\TRACNEW2\apps\trac-web\src\api\productApi.ts", "TypeScript", 0, 0, 0, 0, 0, 28, 0, 0, 0, 0, 0, 0, 0, 0, 5, 33
"d:\original\TRACNEW2\apps\trac-web\src\api\refreshApi.ts", "TypeScript", 0, 0, 0, 0, 0, 8, 0, 0, 0, 0, 0, 0, 0, 0, 2, 10
"d:\original\TRACNEW2\apps\trac-web\src\api\salesRepApi.ts", "TypeScript", 0, 0, 0, 0, 0, 29, 0, 0, 0, 0, 0, 0, 0, 2, 4, 35
"d:\original\TRACNEW2\apps\trac-web\src\api\searchApi.ts", "TypeScript", 0, 0, 0, 0, 0, 24, 0, 0, 0, 0, 0, 0, 0, 3, 5, 32
"d:\original\TRACNEW2\apps\trac-web\src\api\uploadApi.ts", "TypeScript", 0, 0, 0, 0, 0, 103, 0, 0, 0, 0, 0, 0, 0, 11, 6, 120
"d:\original\TRACNEW2\apps\trac-web\src\api\userApi.ts", "TypeScript", 0, 0, 0, 0, 0, 46, 0, 0, 0, 0, 0, 0, 0, 6, 13, 65
"d:\original\TRACNEW2\apps\trac-web\src\components\BatchEditA.ts", "TypeScript", 0, 0, 0, 0, 0, 9, 0, 0, 0, 0, 0, 0, 0, 1, 1, 11
"d:\original\TRACNEW2\apps\trac-web\src\components\DevDataViewer.jsx", "JavaScript JSX", 0, 0, 0, 0, 0, 0, 0, 0, 0, 0, 9, 0, 0, 0, 4, 13
"d:\original\TRACNEW2\apps\trac-web\src\components\DownloadXLSX.jsx", "JavaScript JSX", 0, 0, 0, 0, 0, 0, 0, 0, 0, 0, 20, 0, 0, 9, 2, 31
"d:\original\TRACNEW2\apps\trac-web\src\components\ErrorBoundary.tsx", "TypeScript JSX", 0, 0, 0, 0, 0, 0, 0, 0, 24, 0, 0, 0, 0, 2, 5, 31
"d:\original\TRACNEW2\apps\trac-web\src\components\FileSelectButton.tsx", "TypeScript JSX", 0, 0, 0, 0, 0, 0, 0, 0, 27, 0, 0, 0, 0, 0, 4, 31
"d:\original\TRACNEW2\apps\trac-web\src\components\Notification.jsx", "JavaScript JSX", 0, 0, 0, 0, 0, 0, 0, 0, 0, 0, 24, 0, 0, 5, 6, 35
"d:\original\TRACNEW2\apps\trac-web\src\components\SelectSalesRep.tsx", "TypeScript JSX", 0, 0, 0, 0, 0, 0, 0, 0, 67, 0, 0, 0, 0, 2, 3, 72
"d:\original\TRACNEW2\apps\trac-web\src\components\__tests__\FileSelectButton.test.tsx", "TypeScript JSX", 0, 0, 0, 0, 0, 0, 0, 0, 44, 0, 0, 0, 0, 5, 4, 53
"d:\original\TRACNEW2\apps\trac-web\src\components\account\AccountContextMenu.tsx", "TypeScript JSX", 0, 0, 0, 0, 0, 0, 0, 0, 22, 0, 0, 0, 0, 1, 3, 26
"d:\original\TRACNEW2\apps\trac-web\src\components\account\AccountFromContext.tsx", "TypeScript JSX", 0, 0, 0, 0, 0, 0, 0, 0, 43, 0, 0, 0, 0, 0, 4, 47
"d:\original\TRACNEW2\apps\trac-web\src\components\account\AccountsTable.tsx", "TypeScript JSX", 0, 0, 0, 0, 0, 0, 0, 0, 128, 0, 0, 0, 0, 5, 5, 138
"d:\original\TRACNEW2\apps\trac-web\src\components\account\BatchAccounts.ts", "TypeScript", 0, 0, 0, 0, 0, 33, 0, 0, 0, 0, 0, 0, 0, 0, 4, 37
"d:\original\TRACNEW2\apps\trac-web\src\components\account\LoadAccountIntoContext.tsx", "TypeScript JSX", 0, 0, 0, 0, 0, 0, 0, 0, 38, 0, 0, 0, 0, 6, 3, 47
"d:\original\TRACNEW2\apps\trac-web\src\components\account\LoadSalesRepIntoContext.tsx", "TypeScript JSX", 0, 0, 0, 0, 0, 0, 0, 0, 37, 0, 0, 0, 0, 2, 2, 41
"d:\original\TRACNEW2\apps\trac-web\src\components\account\SalesRepFromContext.tsx", "TypeScript JSX", 0, 0, 0, 0, 0, 0, 0, 0, 31, 0, 0, 0, 0, 0, 3, 34
"d:\original\TRACNEW2\apps\trac-web\src\components\account\__tests__\AccountFromContext.test.tsx", "TypeScript JSX", 0, 0, 0, 0, 0, 0, 0, 0, 47, 0, 0, 0, 0, 0, 2, 49
"d:\original\TRACNEW2\apps\trac-web\src\components\account\__tests__\LoadAccountIntoContext.test.tsx", "TypeScript JSX", 0, 0, 0, 0, 0, 0, 0, 0, 70, 0, 0, 0, 0, 0, 2, 72
"d:\original\TRACNEW2\apps\trac-web\src\components\audit\AuditContextMenu.tsx", "TypeScript JSX", 0, 0, 0, 0, 0, 0, 0, 0, 24, 0, 0, 0, 0, 1, 1, 26
"d:\original\TRACNEW2\apps\trac-web\src\components\audit\AuditLocation.tsx", "TypeScript JSX", 0, 0, 0, 0, 0, 0, 0, 0, 81, 0, 0, 0, 0, 8, 5, 94
"d:\original\TRACNEW2\apps\trac-web\src\components\audit\AuditMenu.tsx", "TypeScript JSX", 0, 0, 0, 0, 0, 0, 0, 0, 40, 0, 0, 0, 0, 3, 2, 45
"d:\original\TRACNEW2\apps\trac-web\src\components\audit\AuditScanUploadTable.tsx", "TypeScript JSX", 0, 0, 0, 0, 0, 0, 0, 0, 78, 0, 0, 0, 0, 1, 7, 86
"d:\original\TRACNEW2\apps\trac-web\src\components\audit\AuditStatistics.tsx", "TypeScript JSX", 0, 0, 0, 0, 0, 0, 0, 0, 52, 0, 0, 0, 0, 2, 2, 56
"d:\original\TRACNEW2\apps\trac-web\src\components\audit\AuditUploadSubmit.tsx", "TypeScript JSX", 0, 0, 0, 0, 0, 0, 0, 0, 157, 0, 0, 0, 0, 5, 9, 171
"d:\original\TRACNEW2\apps\trac-web\src\components\audit\AuditedAccountsTable.tsx", "TypeScript JSX", 0, 0, 0, 0, 0, 0, 0, 0, 89, 0, 0, 0, 0, 3, 3, 95
"d:\original\TRACNEW2\apps\trac-web\src\components\audit\BatchEditAudit.ts", "TypeScript", 0, 0, 0, 0, 0, 45, 0, 0, 0, 0, 0, 0, 0, 0, 8, 53
"d:\original\TRACNEW2\apps\trac-web\src\components\audit\ChangeAuditMatchDialog.tsx", "TypeScript JSX", 0, 0, 0, 0, 0, 0, 0, 0, 160, 0, 0, 0, 0, 0, 10, 170
"d:\original\TRACNEW2\apps\trac-web\src\components\audit\ConfirmRemoveAudit.tsx", "TypeScript JSX", 0, 0, 0, 0, 0, 0, 0, 0, 24, 0, 0, 0, 0, 1, 2, 27
"d:\original\TRACNEW2\apps\trac-web\src\components\audit\ItemFilter.tsx", "TypeScript JSX", 0, 0, 0, 0, 0, 0, 0, 0, 43, 0, 0, 0, 0, 3, 3, 49
"d:\original\TRACNEW2\apps\trac-web\src\components\audit\ItemFilterState.ts", "TypeScript", 0, 0, 0, 0, 0, 69, 0, 0, 0, 0, 0, 0, 0, 0, 3, 72
"d:\original\TRACNEW2\apps\trac-web\src\components\audit\LoadAuditIntoContext.tsx", "TypeScript JSX", 0, 0, 0, 0, 0, 0, 0, 0, 17, 0, 0, 0, 0, 3, 3, 23
"d:\original\TRACNEW2\apps\trac-web\src\components\audit\__tests__\AuditHistoryTable.test.tsx", "TypeScript JSX", 0, 0, 0, 0, 0, 0, 0, 0, 130, 0, 0, 0, 0, 1, 2, 133
"d:\original\TRACNEW2\apps\trac-web\src\components\audit\__tests__\AuditLocation.test.tsx", "TypeScript JSX", 0, 0, 0, 0, 0, 0, 0, 0, 93, 0, 0, 0, 0, 0, 9, 102
"d:\original\TRACNEW2\apps\trac-web\src\components\audit\__tests__\AuditStatistics.test.tsx", "TypeScript JSX", 0, 0, 0, 0, 0, 0, 0, 0, 158, 0, 0, 0, 0, 0, 3, 161
"d:\original\TRACNEW2\apps\trac-web\src\components\audit\__tests__\BatchEdit.test.ts", "TypeScript", 0, 0, 0, 0, 0, 50, 0, 0, 0, 0, 0, 0, 0, 0, 2, 52
"d:\original\TRACNEW2\apps\trac-web\src\components\audit\__tests__\ChangeAuditMatchDialog.test.tsx", "TypeScript JSX", 0, 0, 0, 0, 0, 0, 0, 0, 153, 0, 0, 0, 0, 5, 2, 160
"d:\original\TRACNEW2\apps\trac-web\src\components\audit\__tests__\ContextMenu.test.tsx", "TypeScript JSX", 0, 0, 0, 0, 0, 0, 0, 0, 28, 0, 0, 0, 0, 0, 2, 30
"d:\original\TRACNEW2\apps\trac-web\src\components\audit\__tests__\ItemFilter.test.tsx", "TypeScript JSX", 0, 0, 0, 0, 0, 0, 0, 0, 4, 0, 0, 0, 0, 1, 1, 6
"d:\original\TRACNEW2\apps\trac-web\src\components\audit\__tests__\ItemFilterState.test.ts", "TypeScript", 0, 0, 0, 0, 0, 2, 0, 0, 0, 0, 0, 0, 0, 0, 1, 3
"d:\original\TRACNEW2\apps\trac-web\src\components\audit\__tests__\LoadAuditIntoContext.test.tsx", "TypeScript JSX", 0, 0, 0, 0, 0, 0, 0, 0, 2, 0, 0, 0, 0, 0, 1, 3
"d:\original\TRACNEW2\apps\trac-web\src\components\audit\__tests__\UploadAuditScanAnalyticsTable.test.tsx", "TypeScript JSX", 0, 0, 0, 0, 0, 0, 0, 0, 66, 0, 0, 0, 0, 1, 3, 70
"d:\original\TRACNEW2\apps\trac-web\src\components\audit\__tests__\UploadAuditScanDetailsTable.test.tsx", "TypeScript JSX", 0, 0, 0, 0, 0, 0, 0, 0, 309, 0, 0, 0, 0, 5, 3, 317
"d:\original\TRACNEW2\apps\trac-web\src\components\consignments\ConsignmentsTable.tsx", "TypeScript JSX", 0, 0, 0, 0, 0, 0, 0, 0, 122, 0, 0, 0, 0, 6, 6, 134
"d:\original\TRACNEW2\apps\trac-web\src\components\consignments\ExpirationsTable.tsx", "TypeScript JSX", 0, 0, 0, 0, 0, 0, 0, 0, 115, 0, 0, 0, 0, 4, 5, 124
"d:\original\TRACNEW2\apps\trac-web\src\components\consignments\FilterToggle.ts", "TypeScript", 0, 0, 0, 0, 0, 16, 0, 0, 0, 0, 0, 0, 0, 0, 2, 18
"d:\original\TRACNEW2\apps\trac-web\src\components\consignments\__tests__\ConsignmentsTable.test.tsx", "TypeScript JSX", 0, 0, 0, 0, 0, 0, 0, 0, 156, 0, 0, 0, 0, 0, 5, 161
"d:\original\TRACNEW2\apps\trac-web\src\components\consignments\__tests__\ExpirationsTable.test.tsx", "TypeScript JSX", 0, 0, 0, 0, 0, 0, 0, 0, 130, 0, 0, 0, 0, 1, 6, 137
"d:\original\TRACNEW2\apps\trac-web\src\components\email\BatchEmailDialog.tsx", "TypeScript JSX", 0, 0, 0, 0, 0, 0, 0, 0, 51, 0, 0, 0, 0, 0, 3, 54
"d:\original\TRACNEW2\apps\trac-web\src\components\email\EmailSettingsForm.tsx", "TypeScript JSX", 0, 0, 0, 0, 0, 0, 0, 0, 191, 0, 0, 0, 0, 4, 4, 199
"d:\original\TRACNEW2\apps\trac-web\src\components\notes\AddAuditNoteDialog.tsx", "TypeScript JSX", 0, 0, 0, 0, 0, 0, 0, 0, 65, 0, 0, 0, 0, 0, 2, 67
"d:\original\TRACNEW2\apps\trac-web\src\components\notes\AddItemsNoteDialog.tsx", "TypeScript JSX", 0, 0, 0, 0, 0, 0, 0, 0, 58, 0, 0, 0, 0, 0, 2, 60
"d:\original\TRACNEW2\apps\trac-web\src\components\notes\NoteCard.tsx", "TypeScript JSX", 0, 0, 0, 0, 0, 0, 0, 0, 22, 0, 0, 0, 0, 0, 3, 25
"d:\original\TRACNEW2\apps\trac-web\src\components\notes\NotesMapping.ts", "TypeScript", 0, 0, 0, 0, 0, 53, 0, 0, 0, 0, 0, 0, 0, 0, 1, 54
"d:\original\TRACNEW2\apps\trac-web\src\components\notes\NotesPanel.tsx", "TypeScript JSX", 0, 0, 0, 0, 0, 0, 0, 0, 20, 0, 0, 0, 0, 2, 3, 25
"d:\original\TRACNEW2\apps\trac-web\src\components\notes\NotesPanelState.ts", "TypeScript", 0, 0, 0, 0, 0, 60, 0, 0, 0, 0, 0, 0, 0, 5, 1, 66
"d:\original\TRACNEW2\apps\trac-web\src\components\notes\__tests__\AddAuditNoteDialog.test.tsx", "TypeScript JSX", 0, 0, 0, 0, 0, 0, 0, 0, 63, 0, 0, 0, 0, 0, 3, 66
"d:\original\TRACNEW2\apps\trac-web\src\components\notes\__tests__\AddItemsNoteDialog.test.tsx", "TypeScript JSX", 0, 0, 0, 0, 0, 0, 0, 0, 63, 0, 0, 0, 0, 0, 2, 65
"d:\original\TRACNEW2\apps\trac-web\src\components\notes\__tests__\NoteCard.test.tsx", "TypeScript JSX", 0, 0, 0, 0, 0, 0, 0, 0, 51, 0, 0, 0, 0, 0, 2, 53
"d:\original\TRACNEW2\apps\trac-web\src\components\notes\__tests__\NotesMappings.test.ts", "TypeScript", 0, 0, 0, 0, 0, 57, 0, 0, 0, 0, 0, 0, 0, 0, 2, 59
"d:\original\TRACNEW2\apps\trac-web\src\components\notes\__tests__\NotesPanel.test.tsx", "TypeScript JSX", 0, 0, 0, 0, 0, 0, 0, 0, 54, 0, 0, 0, 0, 0, 2, 56
"d:\original\TRACNEW2\apps\trac-web\src\components\notes\__tests__\NotesPanelState.test.ts", "TypeScript", 0, 0, 0, 0, 0, 93, 0, 0, 0, 0, 0, 0, 0, 0, 2, 95
"d:\original\TRACNEW2\apps\trac-web\src\components\products\BatchProductEdit.ts", "TypeScript", 0, 0, 0, 0, 0, 16, 0, 0, 0, 0, 0, 0, 0, 0, 2, 18
"d:\original\TRACNEW2\apps\trac-web\src\components\products\ChangeUnitPrice.tsx", "TypeScript JSX", 0, 0, 0, 0, 0, 0, 0, 0, 45, 0, 0, 0, 0, 0, 2, 47
"d:\original\TRACNEW2\apps\trac-web\src\components\products\ProductContextMenu.tsx", "TypeScript JSX", 0, 0, 0, 0, 0, 0, 0, 0, 25, 0, 0, 0, 0, 0, 1, 26
"d:\original\TRACNEW2\apps\trac-web\src\components\search\AutoCompleteDebouncer.ts", "TypeScript", 0, 0, 0, 0, 0, 30, 0, 0, 0, 0, 0, 0, 0, 1, 1, 32
"d:\original\TRACNEW2\apps\trac-web\src\components\search\RowButtonsState.ts", "TypeScript", 0, 0, 0, 0, 0, 80, 0, 0, 0, 0, 0, 0, 0, 2, 4, 86
"d:\original\TRACNEW2\apps\trac-web\src\components\search\SearchFilterButtonsState.ts", "TypeScript", 0, 0, 0, 0, 0, 24, 0, 0, 0, 0, 0, 0, 0, 0, 3, 27
"d:\original\TRACNEW2\apps\trac-web\src\components\search\SearchFilters.tsx", "TypeScript JSX", 0, 0, 0, 0, 0, 0, 0, 0, 25, 0, 0, 0, 0, 6, 2, 33
"d:\original\TRACNEW2\apps\trac-web\src\components\search\SearchWithAutoComplete.tsx", "TypeScript JSX", 0, 0, 0, 0, 0, 0, 0, 0, 168, 0, 0, 0, 0, 13, 7, 188
"d:\original\TRACNEW2\apps\trac-web\src\components\search\__tests__\AutoCompleteDebouncer.test.ts", "TypeScript", 0, 0, 0, 0, 0, 37, 0, 0, 0, 0, 0, 0, 0, 0, 3, 40
"d:\original\TRACNEW2\apps\trac-web\src\components\search\__tests__\RowButtonsState.test.ts", "TypeScript", 0, 0, 0, 0, 0, 93, 0, 0, 0, 0, 0, 0, 0, 0, 3, 96
"d:\original\TRACNEW2\apps\trac-web\src\components\search\__tests__\SearchFilterButtonsState.test.ts", "TypeScript", 0, 0, 0, 0, 0, 46, 0, 0, 0, 0, 0, 0, 0, 0, 3, 49
"d:\original\TRACNEW2\apps\trac-web\src\components\search\__tests__\SearchFilters.test.tsx", "TypeScript JSX", 0, 0, 0, 0, 0, 0, 0, 0, 66, 0, 0, 0, 0, 3, 2, 71
"d:\original\TRACNEW2\apps\trac-web\src\components\search\__tests__\SearchSuggestions.test.tsx", "TypeScript JSX", 0, 0, 0, 0, 0, 0, 0, 0, 63, 0, 0, 0, 0, 2, 2, 67
"d:\original\TRACNEW2\apps\trac-web\src\components\search\__tests__\SearchWithAutoComplete.test.tsx", "TypeScript JSX", 0, 0, 0, 0, 0, 0, 0, 0, 164, 0, 0, 0, 0, 4, 5, 173
"d:\original\TRACNEW2\apps\trac-web\src\components\tables\CellTooltip.tsx", "TypeScript JSX", 0, 0, 0, 0, 0, 0, 0, 0, 19, 0, 0, 0, 0, 2, 1, 22
"d:\original\TRACNEW2\apps\trac-web\src\components\tables\DialogModal.tsx", "TypeScript JSX", 0, 0, 0, 0, 0, 0, 0, 0, 21, 0, 0, 0, 0, 0, 2, 23
"d:\original\TRACNEW2\apps\trac-web\src\components\tables\DownloadButton.tsx", "TypeScript JSX", 0, 0, 0, 0, 0, 0, 0, 0, 118, 0, 0, 0, 0, 2, 5, 125
"d:\original\TRACNEW2\apps\trac-web\src\components\tables\GlobalFilter.tsx", "TypeScript JSX", 0, 0, 0, 0, 0, 0, 0, 0, 18, 0, 0, 0, 0, 2, 2, 22
"d:\original\TRACNEW2\apps\trac-web\src\components\tables\HandleClicks.ts", "TypeScript", 0, 0, 0, 0, 0, 48, 0, 0, 0, 0, 0, 0, 0, 1, 5, 54
"d:\original\TRACNEW2\apps\trac-web\src\components\tables\SelectedRowsState.ts", "TypeScript", 0, 0, 0, 0, 0, 132, 0, 0, 0, 0, 0, 0, 0, 18, 17, 167
"d:\original\TRACNEW2\apps\trac-web\src\components\tables\TableOps.tsx", "TypeScript JSX", 0, 0, 0, 0, 0, 0, 0, 0, 75, 0, 0, 0, 0, 2, 13, 90
"d:\original\TRACNEW2\apps\trac-web\src\components\tables\TracTable.tsx", "TypeScript JSX", 0, 0, 0, 0, 0, 0, 0, 0, 130, 0, 0, 0, 0, 8, 10, 148
"d:\original\TRACNEW2\apps\trac-web\src\components\tables\__tests__\CellTooltip.test.tsx", "TypeScript JSX", 0, 0, 0, 0, 0, 0, 0, 0, 44, 0, 0, 0, 0, 4, 2, 50
"d:\original\TRACNEW2\apps\trac-web\src\components\tables\__tests__\DownloadButton.test.ts", "TypeScript", 0, 0, 0, 0, 0, 0, 0, 0, 0, 0, 0, 0, 0, 0, 1, 1
"d:\original\TRACNEW2\apps\trac-web\src\components\tables\__tests__\GlobalFilter.test.tsx", "TypeScript JSX", 0, 0, 0, 0, 0, 0, 0, 0, 42, 0, 0, 0, 0, 6, 4, 52
"d:\original\TRACNEW2\apps\trac-web\src\components\tables\__tests__\Pagination.test.tsx", "TypeScript JSX", 0, 0, 0, 0, 0, 0, 0, 0, 120, 0, 0, 0, 0, 1, 3, 124
"d:\original\TRACNEW2\apps\trac-web\src\components\tables\__tests__\ReactTable.test.tsx", "TypeScript JSX", 0, 0, 0, 0, 0, 0, 0, 0, 162, 0, 0, 0, 0, 6, 6, 174
"d:\original\TRACNEW2\apps\trac-web\src\components\tables\__tests__\SelectRowsState.test.ts", "TypeScript", 0, 0, 0, 0, 0, 162, 0, 0, 0, 0, 0, 0, 0, 0, 3, 165
"d:\original\TRACNEW2\apps\trac-web\src\components\upload\DataUploadHistory.tsx", "TypeScript JSX", 0, 0, 0, 0, 0, 0, 0, 0, 104, 0, 0, 0, 0, 0, 4, 108
"d:\original\TRACNEW2\apps\trac-web\src\components\upload\UploadDataAnalyticsTable.tsx", "TypeScript JSX", 0, 0, 0, 0, 0, 0, 0, 0, 86, 0, 0, 0, 0, 2, 4, 92
"d:\original\TRACNEW2\apps\trac-web\src\components\upload\UploadStatus.tsx", "TypeScript JSX", 0, 0, 0, 0, 0, 0, 0, 0, 53, 0, 0, 0, 0, 0, 2, 55
"d:\original\TRACNEW2\apps\trac-web\src\components\upload\UploadSubmit.tsx", "TypeScript JSX", 0, 0, 0, 0, 0, 0, 0, 0, 109, 0, 0, 0, 0, 2, 7, 118
"d:\original\TRACNEW2\apps\trac-web\src\components\upload\__tests__\AuditUploadForm.test.tsx", "TypeScript JSX", 0, 0, 0, 0, 0, 0, 0, 0, 97, 0, 0, 0, 0, 0, 7, 104
"d:\original\TRACNEW2\apps\trac-web\src\components\upload\__tests__\DataUploadHistoryTable.test.tsx", "TypeScript JSX", 0, 0, 0, 0, 0, 0, 0, 0, 67, 0, 0, 0, 0, 0, 3, 70
"d:\original\TRACNEW2\apps\trac-web\src\components\upload\__tests__\IolRecordFormatter.test.ts", "TypeScript", 0, 0, 0, 0, 0, 20, 0, 0, 0, 0, 0, 0, 0, 0, 2, 22
"d:\original\TRACNEW2\apps\trac-web\src\components\upload\__tests__\RecordFormatter.test.ts", "TypeScript", 0, 0, 0, 0, 0, 202, 0, 0, 0, 0, 0, 0, 0, 0, 3, 205
"d:\original\TRACNEW2\apps\trac-web\src\components\upload\__tests__\UploadAnalyticsComponent.test.tsx", "TypeScript JSX", 0, 0, 0, 0, 0, 0, 0, 0, 50, 0, 0, 0, 0, 1, 2, 53
"d:\original\TRACNEW2\apps\trac-web\src\components\upload\__tests__\UploadDetailsTable.test.tsx", "TypeScript JSX", 0, 0, 0, 0, 0, 0, 0, 0, 333, 0, 0, 0, 0, 6, 2, 341
"d:\original\TRACNEW2\apps\trac-web\src\components\upload\__tests__\UploadSubmit.test.tsx", "TypeScript JSX", 0, 0, 0, 0, 0, 0, 0, 0, 63, 0, 0, 0, 0, 5, 4, 72
"d:\original\TRACNEW2\apps\trac-web\src\consignment.jsx", "JavaScript JSX", 0, 0, 0, 0, 0, 0, 0, 0, 0, 0, 405, 0, 0, 40, 23, 468
"d:\original\TRACNEW2\apps\trac-web\src\httpConfig.ts", "TypeScript", 0, 0, 0, 0, 0, 10, 0, 0, 0, 0, 0, 0, 0, 0, 3, 13
"d:\original\TRACNEW2\apps\trac-web\src\index.html", "HTML", 0, 0, 0, 0, 0, 0, 0, 0, 0, 14, 0, 0, 0, 0, 2, 16
"d:\original\TRACNEW2\apps\trac-web\src\main.tsx", "TypeScript JSX", 0, 0, 0, 0, 0, 0, 0, 0, 16, 0, 0, 0, 0, 0, 2, 18
"d:\original\TRACNEW2\apps\trac-web\src\navigation\AppHeader.jsx", "JavaScript JSX", 0, 0, 0, 0, 0, 0, 0, 0, 0, 0, 40, 0, 0, 0, 7, 47
"d:\original\TRACNEW2\apps\trac-web\src\navigation\DebugRouter.tsx", "TypeScript JSX", 0, 0, 0, 0, 0, 0, 0, 0, 10, 0, 0, 0, 0, 0, 2, 12
"d:\original\TRACNEW2\apps\trac-web\src\navigation\Layout.tsx", "TypeScript JSX", 0, 0, 0, 0, 0, 0, 0, 0, 21, 0, 0, 0, 0, 0, 4, 25
"d:\original\TRACNEW2\apps\trac-web\src\navigation\Login.tsx", "TypeScript JSX", 0, 0, 0, 0, 0, 0, 0, 0, 101, 0, 0, 0, 0, 14, 16, 131
"d:\original\TRACNEW2\apps\trac-web\src\navigation\PagesMap.ts", "TypeScript", 0, 0, 0, 0, 0, 102, 0, 0, 0, 0, 0, 0, 0, 2, 12, 116
"d:\original\TRACNEW2\apps\trac-web\src\navigation\RouterSwitch.jsx", "JavaScript JSX", 0, 0, 0, 0, 0, 0, 0, 0, 0, 0, 62, 0, 0, 1, 3, 66
"d:\original\TRACNEW2\apps\trac-web\src\navigation\Tab.tsx", "TypeScript JSX", 0, 0, 0, 0, 0, 0, 0, 0, 16, 0, 0, 0, 0, 1, 1, 18
"d:\original\TRACNEW2\apps\trac-web\src\navigation\TabContainer.tsx", "TypeScript JSX", 0, 0, 0, 0, 0, 0, 0, 0, 31, 0, 0, 0, 0, 3, 2, 36
"d:\original\TRACNEW2\apps\trac-web\src\navigation\TabsBar.tsx", "TypeScript JSX", 0, 0, 0, 0, 0, 0, 0, 0, 103, 0, 0, 0, 0, 0, 3, 106
"d:\original\TRACNEW2\apps\trac-web\src\navigation\UseLoginUser.tsx", "TypeScript JSX", 0, 0, 0, 0, 0, 0, 0, 0, 37, 0, 0, 0, 0, 0, 4, 41
"d:\original\TRACNEW2\apps\trac-web\src\navigation\__tests__\Layout.test.tsx", "TypeScript JSX", 0, 0, 0, 0, 0, 0, 0, 0, 51, 0, 0, 0, 0, 2, 7, 60
"d:\original\TRACNEW2\apps\trac-web\src\navigation\__tests__\Login.test.tsx", "TypeScript JSX", 0, 0, 0, 0, 0, 0, 0, 0, 50, 0, 0, 0, 0, 0, 1, 51
"d:\original\TRACNEW2\apps\trac-web\src\navigation\__tests__\PageMap.test.ts", "TypeScript", 0, 0, 0, 0, 0, 62, 0, 0, 0, 0, 0, 0, 0, 2, 2, 66
"d:\original\TRACNEW2\apps\trac-web\src\navigation\__tests__\TabsBar.test.tsx", "TypeScript JSX", 0, 0, 0, 0, 0, 0, 0, 0, 169, 0, 0, 0, 0, 2, 11, 182
"d:\original\TRACNEW2\apps\trac-web\src\navigation\__tests__\useLoginUser.test.tsx", "TypeScript JSX", 0, 0, 0, 0, 0, 0, 0, 0, 47, 0, 0, 0, 0, 0, 2, 49
"d:\original\TRACNEW2\apps\trac-web\src\pages\Accounts.tsx", "TypeScript JSX", 0, 0, 0, 0, 0, 0, 0, 0, 55, 0, 0, 0, 0, 0, 2, 57
"d:\original\TRACNEW2\apps\trac-web\src\pages\Audit.tsx", "TypeScript JSX", 0, 0, 0, 0, 0, 0, 0, 0, 316, 0, 0, 0, 0, 17, 10, 343
"d:\original\TRACNEW2\apps\trac-web\src\pages\AuditAccounts.tsx", "TypeScript JSX", 0, 0, 0, 0, 0, 0, 0, 0, 54, 0, 0, 0, 0, 0, 2, 56
"d:\original\TRACNEW2\apps\trac-web\src\pages\AuditUpload.tsx", "TypeScript JSX", 0, 0, 0, 0, 0, 0, 0, 0, 111, 0, 0, 0, 0, 7, 5, 123
"d:\original\TRACNEW2\apps\trac-web\src\pages\ChangePwd.tsx", "TypeScript JSX", 0, 0, 0, 0, 0, 0, 0, 0, 90, 0, 0, 0, 0, 5, 20, 115
"d:\original\TRACNEW2\apps\trac-web\src\pages\ClearSearch.ts", "TypeScript", 0, 0, 0, 0, 0, 15, 0, 0, 0, 0, 0, 0, 0, 0, 2, 17
"d:\original\TRACNEW2\apps\trac-web\src\pages\Customers.tsx", "TypeScript JSX", 0, 0, 0, 0, 0, 0, 0, 0, 110, 0, 0, 0, 0, 0, 6, 116
"d:\original\TRACNEW2\apps\trac-web\src\pages\DataUpload.tsx", "TypeScript JSX", 0, 0, 0, 0, 0, 0, 0, 0, 111, 0, 0, 0, 0, 6, 6, 123
"d:\original\TRACNEW2\apps\trac-web\src\pages\EmailSettings.tsx", "TypeScript JSX", 0, 0, 0, 0, 0, 0, 0, 0, 73, 0, 0, 0, 0, 2, 2, 77
"d:\original\TRACNEW2\apps\trac-web\src\pages\Expiration.tsx", "TypeScript JSX", 0, 0, 0, 0, 0, 0, 0, 0, 54, 0, 0, 0, 0, 0, 2, 56
"d:\original\TRACNEW2\apps\trac-web\src\pages\IolConsignments.tsx", "TypeScript JSX", 0, 0, 0, 0, 0, 0, 0, 0, 52, 0, 0, 0, 0, 0, 7, 59
"d:\original\TRACNEW2\apps\trac-web\src\pages\IolDuplicates.tsx", "TypeScript JSX", 0, 0, 0, 0, 0, 0, 0, 0, 39, 0, 0, 0, 0, 0, 5, 44
"d:\original\TRACNEW2\apps\trac-web\src\pages\OpenAudits.tsx", "TypeScript JSX", 0, 0, 0, 0, 0, 0, 0, 0, 88, 0, 0, 0, 0, 4, 2, 94
"d:\original\TRACNEW2\apps\trac-web\src\pages\OpenAuditsTest.tsx", "TypeScript JSX", 0, 0, 0, 0, 0, 0, 0, 0, 93, 0, 0, 0, 0, 4, 2, 99
"d:\original\TRACNEW2\apps\trac-web\src\pages\Products.tsx", "TypeScript JSX", 0, 0, 0, 0, 0, 0, 0, 0, 72, 0, 0, 0, 0, 0, 5, 77
"d:\original\TRACNEW2\apps\trac-web\src\pages\SalesReps.tsx", "TypeScript JSX", 0, 0, 0, 0, 0, 0, 0, 0, 36, 0, 0, 0, 0, 0, 5, 41
"d:\original\TRACNEW2\apps\trac-web\src\pages\SalesRepsTest.tsx", "TypeScript JSX", 0, 0, 0, 0, 0, 0, 0, 0, 36, 0, 0, 0, 0, 0, 5, 41
"d:\original\TRACNEW2\apps\trac-web\src\pages\Search.tsx", "TypeScript JSX", 0, 0, 0, 0, 0, 0, 0, 0, 140, 0, 0, 0, 0, 14, 9, 163
"d:\original\TRACNEW2\apps\trac-web\src\pages\SignUp.tsx", "TypeScript JSX", 0, 0, 0, 0, 0, 0, 0, 0, 89, 0, 0, 0, 0, 5, 16, 110
"d:\original\TRACNEW2\apps\trac-web\src\pages\Users.tsx", "TypeScript JSX", 0, 0, 0, 0, 0, 0, 0, 0, 23, 0, 0, 0, 0, 0, 12, 35
"d:\original\TRACNEW2\apps\trac-web\src\pages\__tests__\History.test.tsx", "TypeScript JSX", 0, 0, 0, 0, 0, 0, 0, 0, 83, 0, 0, 0, 0, 3, 5, 91
"d:\original\TRACNEW2\apps\trac-web\src\pages\__tests__\Upload.test.tsx", "TypeScript JSX", 0, 0, 0, 0, 0, 0, 0, 0, 80, 0, 0, 0, 0, 0, 5, 85
"d:\original\TRACNEW2\apps\trac-web\src\polyfills.ts", "TypeScript", 0, 0, 0, 0, 0, 2, 0, 0, 0, 0, 0, 0, 0, 5, 1, 8
"d:\original\TRACNEW2\apps\trac-web\src\requests.js", "JavaScript", 0, 0, 0, 175, 0, 0, 0, 0, 0, 0, 0, 0, 0, 24, 11, 210
"d:\original\TRACNEW2\apps\trac-web\src\styles\BandLTheme.js", "JavaScript", 0, 0, 0, 40, 0, 0, 0, 0, 0, 0, 0, 0, 0, 0, 1, 41
"d:\original\TRACNEW2\apps\trac-web\src\styles\styles.scss", "SCSS", 0, 0, 0, 0, 0, 0, 0, 0, 0, 0, 0, 75, 0, 1, 18, 94
"d:\original\TRACNEW2\apps\trac-web\src\styles\styling.tsx", "TypeScript JSX", 0, 0, 0, 0, 0, 0, 0, 0, 16, 0, 0, 0, 0, 1, 3, 20
"d:\original\TRACNEW2\apps\trac-web\src\utils.js", "JavaScript", 0, 0, 0, 16, 0, 0, 0, 0, 0, 0, 0, 0, 0, 1, 6, 23
"d:\original\TRACNEW2\apps\trac-web\tailwind.config.js", "JavaScript", 0, 0, 0, 18, 0, 0, 0, 0, 0, 0, 0, 0, 0, 0, 1, 19
"d:\original\TRACNEW2\apps\trac-web\tsconfig.app.json", "JSON", 0, 0, 23, 0, 0, 0, 0, 0, 0, 0, 0, 0, 0, 0, 1, 24
"d:\original\TRACNEW2\apps\trac-web\tsconfig.json", "JSON with Comments", 26, 0, 0, 0, 0, 0, 0, 0, 0, 0, 0, 0, 0, 0, 1, 27
"d:\original\TRACNEW2\apps\trac-web\tsconfig.spec.json", "JSON", 0, 0, 24, 0, 0, 0, 0, 0, 0, 0, 0, 0, 0, 0, 1, 25
"d:\original\TRACNEW2\babel.config.json", "JSON with Comments", 5, 0, 0, 0, 0, 0, 0, 0, 0, 0, 0, 0, 0, 0, 1, 6
"d:\original\TRACNEW2\config\init_nginx.sh", "Shell Script", 0, 0, 0, 0, 0, 0, 3, 0, 0, 0, 0, 0, 0, 2, 1, 6
"d:\original\TRACNEW2\docker\backup-volumes.js", "JavaScript", 0, 0, 0, 28, 0, 0, 0, 0, 0, 0, 0, 0, 0, 3, 2, 33
"d:\original\TRACNEW2\docker\clean-docker-development.js", "JavaScript", 0, 0, 0, 26, 0, 0, 0, 0, 0, 0, 0, 0, 0, 0, 2, 28
"d:\original\TRACNEW2\docker\create-configs.js", "JavaScript", 0, 0, 0, 88, 0, 0, 0, 0, 0, 0, 0, 0, 0, 0, 4, 92
"d:\original\TRACNEW2\docker\create-pgdata.js", "JavaScript", 0, 0, 0, 68, 0, 0, 0, 0, 0, 0, 0, 0, 0, 0, 5, 73
"d:\original\TRACNEW2\docker\create-test-certs.js", "JavaScript", 0, 0, 0, 22, 0, 0, 0, 0, 0, 0, 0, 0, 0, 1, 3, 26
"d:\original\TRACNEW2\docker\create-uploads.js", "JavaScript", 0, 0, 0, 36, 0, 0, 0, 0, 0, 0, 0, 0, 0, 0, 4, 40
"d:\original\TRACNEW2\docker\git-docker\create-git-docker.js", "JavaScript", 0, 0, 0, 49, 0, 0, 0, 0, 0, 0, 0, 0, 0, 2, 2, 53
"d:\original\TRACNEW2\docker\git-docker\run-git.js", "JavaScript", 0, 0, 0, 20, 0, 0, 0, 0, 0, 0, 0, 0, 0, 2, 2, 24
"d:\original\TRACNEW2\docker\images-backups.js", "JavaScript", 0, 0, 0, 29, 0, 0, 0, 0, 0, 0, 0, 0, 0, 0, 1, 30
"d:\original\TRACNEW2\docker\lib\docker-compose-exec.js", "JavaScript", 0, 0, 0, 200, 0, 0, 0, 0, 0, 0, 0, 0, 0, 1, 15, 216
"d:\original\TRACNEW2\docker\lib\docker-exec.js", "JavaScript", 0, 0, 0, 78, 0, 0, 0, 0, 0, 0, 0, 0, 0, 1, 6, 85
"d:\original\TRACNEW2\docker\lib\generate-nginx.js", "JavaScript", 0, 0, 0, 51, 0, 0, 0, 0, 0, 0, 0, 0, 0, 0, 4, 55
"d:\original\TRACNEW2\docker\lib\nx-exec.js", "JavaScript", 0, 0, 0, 74, 0, 0, 0, 0, 0, 0, 0, 0, 0, 2, 4, 80
"d:\original\TRACNEW2\docker\lib\settings.js", "JavaScript", 0, 0, 0, 53, 0, 0, 0, 0, 0, 0, 0, 0, 0, 0, 5, 58
"d:\original\TRACNEW2\docker\lib\trac-process.js", "JavaScript", 0, 0, 0, 43, 0, 0, 0, 0, 0, 0, 0, 0, 0, 1, 4, 48
"d:\original\TRACNEW2\docker\restore-volume.js", "JavaScript", 0, 0, 0, 35, 0, 0, 0, 0, 0, 0, 0, 0, 0, 1, 1, 37
"d:\original\TRACNEW2\docker\start-development.js", "JavaScript", 0, 0, 0, 46, 0, 0, 0, 0, 0, 0, 0, 0, 0, 5, 2, 53
"d:\original\TRACNEW2\docker\start-production.js", "JavaScript", 0, 0, 0, 39, 0, 0, 0, 0, 0, 0, 0, 0, 0, 0, 2, 41
"d:\original\TRACNEW2\jest.config.ts", "TypeScript", 0, 0, 0, 0, 0, 4, 0, 0, 0, 0, 0, 0, 0, 0, 2, 6
"d:\original\TRACNEW2\jest.preset.js", "JavaScript", 0, 0, 0, 2, 0, 0, 0, 0, 0, 0, 0, 0, 0, 0, 2, 4
"d:\original\TRACNEW2\libs\datatypes\.eslintrc.json", "JSON with Comments", 18, 0, 0, 0, 0, 0, 0, 0, 0, 0, 0, 0, 0, 0, 1, 19
"d:\original\TRACNEW2\libs\datatypes\README.md", "Markdown", 0, 0, 0, 0, 4, 0, 0, 0, 0, 0, 0, 0, 0, 0, 4, 8
"d:\original\TRACNEW2\libs\datatypes\jest.config.ts", "TypeScript", 0, 0, 0, 0, 0, 15, 0, 0, 0, 0, 0, 0, 0, 1, 1, 17
"d:\original\TRACNEW2\libs\datatypes\project.json", "JSON", 0, 0, 24, 0, 0, 0, 0, 0, 0, 0, 0, 0, 0, 0, 1, 25
"d:\original\TRACNEW2\libs\datatypes\src\AuditRecord.ts", "TypeScript", 0, 0, 0, 0, 0, 200, 0, 0, 0, 0, 0, 0, 0, 0, 9, 209
"d:\original\TRACNEW2\libs\datatypes\src\BuildUrl.ts", "TypeScript", 0, 0, 0, 0, 0, 40, 0, 0, 0, 0, 0, 0, 0, 2, 5, 47
"d:\original\TRACNEW2\libs\datatypes\src\ConsignmentRecord.ts", "TypeScript", 0, 0, 0, 0, 0, 102, 0, 0, 0, 0, 0, 0, 0, 0, 6, 108
"d:\original\TRACNEW2\libs\datatypes\src\CustomerContactDataMapping.ts", "TypeScript", 0, 0, 0, 0, 0, 66, 0, 0, 0, 0, 0, 0, 0, 0, 1, 67
"d:\original\TRACNEW2\libs\datatypes\src\CustomerContactRecord.ts", "TypeScript", 0, 0, 0, 0, 0, 88, 0, 0, 0, 0, 0, 0, 0, 0, 7, 95
"d:\original\TRACNEW2\libs\datatypes\src\CustomerDataMapping.ts", "TypeScript", 0, 0, 0, 0, 0, 73, 0, 0, 0, 0, 0, 0, 0, 0, 2, 75
"d:\original\TRACNEW2\libs\datatypes\src\CustomerRecord.ts", "TypeScript", 0, 0, 0, 0, 0, 204, 0, 0, 0, 0, 0, 0, 0, 1, 8, 213
"d:\original\TRACNEW2\libs\datatypes\src\EmailSettings.ts", "TypeScript", 0, 0, 0, 0, 0, 83, 0, 0, 0, 0, 0, 0, 0, 0, 11, 94
"d:\original\TRACNEW2\libs\datatypes\src\ExpirationCalculations.ts", "TypeScript", 0, 0, 0, 0, 0, 95, 0, 0, 0, 0, 0, 0, 0, 7, 6, 108
"d:\original\TRACNEW2\libs\datatypes\src\IolDataMapping.ts", "TypeScript", 0, 0, 0, 0, 0, 79, 0, 0, 0, 0, 0, 0, 0, 0, 1, 80
"d:\original\TRACNEW2\libs\datatypes\src\IolRecord.ts", "TypeScript", 0, 0, 0, 0, 0, 108, 0, 0, 0, 0, 0, 0, 0, 0, 13, 121
"d:\original\TRACNEW2\libs\datatypes\src\ItemMatchStatus.ts", "TypeScript", 0, 0, 0, 0, 0, 12, 0, 0, 0, 0, 0, 0, 0, 0, 1, 13
"d:\original\TRACNEW2\libs\datatypes\src\ProductDataMapping.ts", "TypeScript", 0, 0, 0, 0, 0, 75, 0, 0, 0, 0, 0, 0, 0, 0, 3, 78
"d:\original\TRACNEW2\libs\datatypes\src\ProductRecord.ts", "TypeScript", 0, 0, 0, 0, 0, 123, 0, 0, 0, 0, 0, 0, 0, 0, 6, 129
"d:\original\TRACNEW2\libs\datatypes\src\SalesJumpRecord.ts", "TypeScript", 0, 0, 0, 0, 0, 88, 0, 0, 0, 0, 0, 0, 0, 0, 4, 92
"d:\original\TRACNEW2\libs\datatypes\src\SalesMappingRecord.ts", "TypeScript", 0, 0, 0, 0, 0, 114, 0, 0, 0, 0, 0, 0, 0, 0, 6, 120
"d:\original\TRACNEW2\libs\datatypes\src\SalesMappingSquared.ts", "TypeScript", 0, 0, 0, 0, 0, 225, 0, 0, 0, 0, 0, 0, 0, 0, 2, 227
"d:\original\TRACNEW2\libs\datatypes\src\SalesRepDataMapping.ts", "TypeScript", 0, 0, 0, 0, 0, 94, 0, 0, 0, 0, 0, 0, 0, 0, 2, 96
"d:\original\TRACNEW2\libs\datatypes\src\SalesRepRecord.ts", "TypeScript", 0, 0, 0, 0, 0, 146, 0, 0, 0, 0, 0, 0, 0, 0, 9, 155
"d:\original\TRACNEW2\libs\datatypes\src\SearchSignature.ts", "TypeScript", 0, 0, 0, 0, 0, 27, 0, 0, 0, 0, 0, 0, 0, 1, 6, 34
"d:\original\TRACNEW2\libs\datatypes\src\UploadHeaders.ts", "TypeScript", 0, 0, 0, 0, 0, 60, 0, 0, 0, 0, 0, 0, 0, 0, 10, 70
"d:\original\TRACNEW2\libs\datatypes\src\UserRecord.ts", "TypeScript", 0, 0, 0, 0, 0, 53, 0, 0, 0, 0, 0, 0, 0, 1, 11, 65
"d:\original\TRACNEW2\libs\datatypes\src\__tests__\BuildUrl.test.ts", "TypeScript", 0, 0, 0, 0, 0, 40, 0, 0, 0, 0, 0, 0, 0, 0, 2, 42
"d:\original\TRACNEW2\libs\datatypes\src\__tests__\ExpirationCalculations.test.ts", "TypeScript", 0, 0, 0, 0, 0, 145, 0, 0, 0, 0, 0, 0, 0, 1, 3, 149
"d:\original\TRACNEW2\libs\datatypes\src\__tests__\ItemMatchStatus.test.ts", "TypeScript", 0, 0, 0, 0, 0, 17, 0, 0, 0, 0, 0, 0, 0, 0, 2, 19
"d:\original\TRACNEW2\libs\datatypes\src\datatypes.ts", "TypeScript", 0, 0, 0, 0, 0, 141, 0, 0, 0, 0, 0, 0, 0, 9, 7, 157
"d:\original\TRACNEW2\libs\datatypes\src\index.ts", "TypeScript", 0, 0, 0, 0, 0, 27, 0, 0, 0, 0, 0, 0, 0, 0, 1, 28
"d:\original\TRACNEW2\libs\datatypes\src\notifications.ts", "TypeScript", 0, 0, 0, 0, 0, 24, 0, 0, 0, 0, 0, 0, 0, 0, 2, 26
"d:\original\TRACNEW2\libs\datatypes\tsconfig.json", "JSON with Comments", 13, 0, 0, 0, 0, 0, 0, 0, 0, 0, 0, 0, 0, 0, 1, 14
"d:\original\TRACNEW2\libs\datatypes\tsconfig.lib.json", "JSON", 0, 0, 12, 0, 0, 0, 0, 0, 0, 0, 0, 0, 0, 0, 1, 13
"d:\original\TRACNEW2\libs\datatypes\tsconfig.spec.json", "JSON", 0, 0, 21, 0, 0, 0, 0, 0, 0, 0, 0, 0, 0, 0, 1, 22
"d:\original\TRACNEW2\libs\pdfkit\.eslintrc.json", "JSON with Comments", 18, 0, 0, 0, 0, 0, 0, 0, 0, 0, 0, 0, 0, 0, 1, 19
"d:\original\TRACNEW2\libs\pdfkit\README.md", "Markdown", 0, 0, 0, 0, 6, 0, 0, 0, 0, 0, 0, 0, 0, 0, 6, 12
"d:\original\TRACNEW2\libs\pdfkit\jest.config.ts", "TypeScript", 0, 0, 0, 0, 0, 15, 0, 0, 0, 0, 0, 0, 0, 1, 1, 17
"d:\original\TRACNEW2\libs\pdfkit\package.json", "JSON", 0, 0, 5, 0, 0, 0, 0, 0, 0, 0, 0, 0, 0, 0, 1, 6
"d:\original\TRACNEW2\libs\pdfkit\project.json", "JSON", 0, 0, 24, 0, 0, 0, 0, 0, 0, 0, 0, 0, 0, 0, 1, 25
"d:\original\TRACNEW2\libs\pdfkit\src\index.ts", "TypeScript", 0, 0, 0, 0, 0, 9, 0, 0, 0, 0, 0, 0, 0, 0, 2, 11
"d:\original\TRACNEW2\libs\pdfkit\src\lib\ExpireSignatureBlock.ts", "TypeScript", 0, 0, 0, 0, 0, 44, 0, 0, 0, 0, 0, 0, 0, 3, 7, 54
"d:\original\TRACNEW2\libs\pdfkit\src\lib\InventoryAuditSummary.ts", "TypeScript", 0, 0, 0, 0, 0, 22, 0, 0, 0, 0, 0, 0, 0, 1, 6, 29
"d:\original\TRACNEW2\libs\pdfkit\src\lib\PageHeader.ts", "TypeScript", 0, 0, 0, 0, 0, 36, 0, 0, 0, 0, 0, 0, 0, 4, 5, 45
"d:\original\TRACNEW2\libs\pdfkit\src\lib\PdfTable.ts", "TypeScript", 0, 0, 0, 0, 0, 92, 0, 0, 0, 0, 0, 0, 0, 12, 5, 109
"d:\original\TRACNEW2\libs\pdfkit\src\lib\TracPdf.ts", "TypeScript", 0, 0, 0, 0, 0, 19, 0, 0, 0, 0, 0, 0, 0, 9, 3, 31
"d:\original\TRACNEW2\libs\pdfkit\src\lib\pdfkit.ts", "TypeScript", 0, 0, 0, 0, 0, 1, 0, 0, 0, 0, 0, 0, 0, 0, 1, 2
"d:\original\TRACNEW2\libs\pdfkit\tsconfig.json", "JSON with Comments", 13, 0, 0, 0, 0, 0, 0, 0, 0, 0, 0, 0, 0, 0, 1, 14
"d:\original\TRACNEW2\libs\pdfkit\tsconfig.lib.json", "JSON", 0, 0, 15, 0, 0, 0, 0, 0, 0, 0, 0, 0, 0, 0, 1, 16
"d:\original\TRACNEW2\libs\pdfkit\tsconfig.spec.json", "JSON", 0, 0, 21, 0, 0, 0, 0, 0, 0, 0, 0, 0, 0, 0, 1, 22
"d:\original\TRACNEW2\libs\postgresql\.eslintrc.json", "JSON with Comments", 20, 0, 0, 0, 0, 0, 0, 0, 0, 0, 0, 0, 0, 0, 1, 21
"d:\original\TRACNEW2\libs\postgresql\README.md", "Markdown", 0, 0, 0, 0, 4, 0, 0, 0, 0, 0, 0, 0, 0, 0, 4, 8
"d:\original\TRACNEW2\libs\postgresql\jest.config.ts", "TypeScript", 0, 0, 0, 0, 0, 15, 0, 0, 0, 0, 0, 0, 0, 1, 1, 17
"d:\original\TRACNEW2\libs\postgresql\project.json", "JSON", 0, 0, 24, 0, 0, 0, 0, 0, 0, 0, 0, 0, 0, 0, 1, 25
"d:\original\TRACNEW2\libs\postgresql\src\AuditStore.ts", "TypeScript", 0, 0, 0, 0, 0, 68, 0, 0, 0, 0, 0, 0, 0, 7, 3, 78
"d:\original\TRACNEW2\libs\postgresql\src\BulkSqlWithCreate.ts", "TypeScript", 0, 0, 0, 0, 0, 79, 0, 0, 0, 0, 0, 0, 0, 9, 11, 99
"d:\original\TRACNEW2\libs\postgresql\src\ErrorHandler.ts", "TypeScript", 0, 0, 0, 0, 0, 13, 0, 0, 0, 0, 0, 0, 0, 2, 4, 19
"d:\original\TRACNEW2\libs\postgresql\src\ExtractIolData.ts", "TypeScript", 0, 0, 0, 0, 0, 34, 0, 0, 0, 0, 0, 0, 0, 4, 6, 44
"d:\original\TRACNEW2\libs\postgresql\src\ImportIntoConsignments.ts", "TypeScript", 0, 0, 0, 0, 0, 57, 0, 0, 0, 0, 0, 0, 0, 2, 5, 64
"d:\original\TRACNEW2\libs\postgresql\src\ImportIntoJumpTable.ts", "TypeScript", 0, 0, 0, 0, 0, 86, 0, 0, 0, 0, 0, 0, 0, 19, 4, 109
"d:\original\TRACNEW2\libs\postgresql\src\LoadXlsxData.ts", "TypeScript", 0, 0, 0, 0, 0, 133, 0, 0, 0, 0, 0, 0, 0, 10, 10, 153
"d:\original\TRACNEW2\libs\postgresql\src\NotificationsServer.ts", "TypeScript", 0, 0, 0, 0, 0, 56, 0, 0, 0, 0, 0, 0, 0, 3, 11, 70
"d:\original\TRACNEW2\libs\postgresql\src\PostgresClient.ts", "TypeScript", 0, 0, 0, 0, 0, 22, 0, 0, 0, 0, 0, 0, 0, 0, 6, 28
"d:\original\TRACNEW2\libs\postgresql\src\PostgresConfigFactory.ts", "TypeScript", 0, 0, 0, 0, 0, 48, 0, 0, 0, 0, 0, 0, 0, 1, 9, 58
"d:\original\TRACNEW2\libs\postgresql\src\SearchTable.ts", "TypeScript", 0, 0, 0, 0, 0, 118, 0, 0, 0, 0, 0, 0, 0, 9, 3, 130
"d:\original\TRACNEW2\libs\postgresql\src\UserStore.ts", "TypeScript", 0, 0, 0, 0, 0, 41, 0, 0, 0, 0, 0, 0, 0, 12, 13, 66
"d:\original\TRACNEW2\libs\postgresql\src\__tests__\AuditStore.test.ts", "TypeScript", 0, 0, 0, 0, 0, 89, 0, 0, 0, 0, 0, 0, 0, 0, 1, 90
"d:\original\TRACNEW2\libs\postgresql\src\__tests__\BulkSqlWithCreate.test.ts", "TypeScript", 0, 0, 0, 0, 0, 61, 0, 0, 0, 0, 0, 0, 0, 0, 2, 63
"d:\original\TRACNEW2\libs\postgresql\src\__tests__\ImportIntoConsignments.test.ts", "TypeScript", 0, 0, 0, 0, 0, 30, 0, 0, 0, 0, 0, 0, 0, 0, 2, 32
"d:\original\TRACNEW2\libs\postgresql\src\__tests__\LoadXlsData.test.ts", "TypeScript", 0, 0, 0, 0, 0, 208, 0, 0, 0, 0, 0, 0, 0, 2, 2, 212
"d:\original\TRACNEW2\libs\postgresql\src\__tests__\PostgresClient.test.ts", "TypeScript", 0, 0, 0, 0, 0, 50, 0, 0, 0, 0, 0, 0, 0, 1, 3, 54
"d:\original\TRACNEW2\libs\postgresql\src\__tests__\PostgresConfigFactory.test.ts", "TypeScript", 0, 0, 0, 0, 0, 57, 0, 0, 0, 0, 0, 0, 0, 0, 5, 62
"d:\original\TRACNEW2\libs\postgresql\src\__tests__\SearchTable.test.ts", "TypeScript", 0, 0, 0, 0, 0, 92, 0, 0, 0, 0, 0, 0, 0, 0, 3, 95
"d:\original\TRACNEW2\libs\postgresql\src\__tests__\postgres.test.ts", "TypeScript", 0, 0, 0, 0, 0, 114, 0, 0, 0, 0, 0, 0, 0, 0, 5, 119
"d:\original\TRACNEW2\libs\postgresql\src\index.ts", "TypeScript", 0, 0, 0, 0, 0, 18, 0, 0, 0, 0, 0, 0, 0, 0, 2, 20
"d:\original\TRACNEW2\libs\postgresql\src\postgresql.ts", "TypeScript", 0, 0, 0, 0, 0, 200, 0, 0, 0, 0, 0, 0, 0, 11, 12, 223
"d:\original\TRACNEW2\libs\postgresql\tsconfig.json", "JSON with Comments", 13, 0, 0, 0, 0, 0, 0, 0, 0, 0, 0, 0, 0, 0, 1, 14
"d:\original\TRACNEW2\libs\postgresql\tsconfig.lib.json", "JSON", 0, 0, 15, 0, 0, 0, 0, 0, 0, 0, 0, 0, 0, 0, 1, 16
"d:\original\TRACNEW2\libs\postgresql\tsconfig.spec.json", "JSON", 0, 0, 21, 0, 0, 0, 0, 0, 0, 0, 0, 0, 0, 0, 1, 22
"d:\original\TRACNEW2\libs\tedious\.eslintrc.json", "JSON with Comments", 20, 0, 0, 0, 0, 0, 0, 0, 0, 0, 0, 0, 0, 0, 1, 21
"d:\original\TRACNEW2\libs\tedious\README.md", "Markdown", 0, 0, 0, 0, 6, 0, 0, 0, 0, 0, 0, 0, 0, 0, 6, 12
"d:\original\TRACNEW2\libs\tedious\jest.config.ts", "TypeScript", 0, 0, 0, 0, 0, 15, 0, 0, 0, 0, 0, 0, 0, 1, 1, 17
"d:\original\TRACNEW2\libs\tedious\project.json", "JSON", 0, 0, 24, 0, 0, 0, 0, 0, 0, 0, 0, 0, 0, 0, 1, 25
"d:\original\TRACNEW2\libs\tedious\src\index.ts", "TypeScript", 0, 0, 0, 0, 0, 8, 0, 0, 0, 0, 0, 0, 0, 0, 1, 9
"d:\original\TRACNEW2\libs\tedious\src\lib\BulkTediousWithCreate.ts", "TypeScript", 0, 0, 0, 0, 0, 35, 0, 0, 0, 0, 0, 0, 0, 4, 4, 43
"d:\original\TRACNEW2\libs\tedious\src\lib\GetSqlServerData.ts", "TypeScript", 0, 0, 0, 0, 0, 137, 0, 0, 0, 0, 0, 0, 0, 2, 12, 151
"d:\original\TRACNEW2\libs\tedious\src\lib\LogHandler.ts", "TypeScript", 0, 0, 0, 0, 0, 7, 0, 0, 0, 0, 0, 0, 0, 0, 1, 8
"d:\original\TRACNEW2\libs\tedious\src\lib\TediousClient.ts", "TypeScript", 0, 0, 0, 0, 0, 39, 0, 0, 0, 0, 0, 0, 0, 8, 8, 55
"d:\original\TRACNEW2\libs\tedious\src\lib\TediousConfigFactory.ts", "TypeScript", 0, 0, 0, 0, 0, 30, 0, 0, 0, 0, 0, 0, 0, 0, 4, 34
"d:\original\TRACNEW2\libs\tedious\src\lib\TediousQuery.ts", "TypeScript", 0, 0, 0, 0, 0, 20, 0, 0, 0, 0, 0, 0, 0, 0, 2, 22
"d:\original\TRACNEW2\libs\tedious\src\lib\tedious.ts", "TypeScript", 0, 0, 0, 0, 0, 92, 0, 0, 0, 0, 0, 0, 0, 0, 5, 97
"d:\original\TRACNEW2\libs\tedious\tsconfig.json", "JSON with Comments", 13, 0, 0, 0, 0, 0, 0, 0, 0, 0, 0, 0, 0, 0, 1, 14
"d:\original\TRACNEW2\libs\tedious\tsconfig.lib.json", "JSON", 0, 0, 16, 0, 0, 0, 0, 0, 0, 0, 0, 0, 0, 0, 1, 17
"d:\original\TRACNEW2\libs\tedious\tsconfig.spec.json", "JSON", 0, 0, 21, 0, 0, 0, 0, 0, 0, 0, 0, 0, 0, 0, 1, 22
"d:\original\TRACNEW2\nx.json", "JSON", 0, 0, 83, 0, 0, 0, 0, 0, 0, 0, 0, 0, 0, 0, 1, 84
"d:\original\TRACNEW2\package-lock.json", "JSON", 0, 0, 35816, 0, 0, 0, 0, 0, 0, 0, 0, 0, 0, 0, 1, 35817
"d:\original\TRACNEW2\package.json", "JSON", 0, 0, 139, 0, 0, 0, 0, 0, 0, 0, 0, 0, 0, 0, 1, 140
"d:\original\TRACNEW2\postcss.config.js", "JavaScript", 0, 0, 0, 11, 0, 0, 0, 0, 0, 0, 0, 0, 0, 0, 1, 12
"d:\original\TRACNEW2\tools\tsconfig.tools.json", "JSON", 0, 0, 12, 0, 0, 0, 0, 0, 0, 0, 0, 0, 0, 0, 1, 13
"d:\original\TRACNEW2\tsconfig.base.json", "JSON", 0, 0, 26, 0, 0, 0, 0, 0, 0, 0, 0, 0, 0, 0, 1, 27
"Total", "-", 407, 2, 36983, 1247, 93, 12783, 3, 20, 8278, 14, 592, 75, 571081, 801, 1701, 634080